customer_id,order_status,order_date,required_date,shipped_date,store_id,staff_id
259,4,01-01-2016,03-01-2016,03-01-2016,1,2
1212,4,01-01-2016,04-01-2016,03-01-2016,2,6
523,4,02-01-2016,05-01-2016,03-01-2016,2,7
175,4,03-01-2016,04-01-2016,05-01-2016,1,3
1324,4,03-01-2016,06-01-2016,06-01-2016,2,6
94,4,04-01-2016,07-01-2016,05-01-2016,2,6
324,4,04-01-2016,07-01-2016,05-01-2016,2,6
1204,4,04-01-2016,05-01-2016,05-01-2016,2,7
60,4,05-01-2016,08-01-2016,08-01-2016,1,2
442,4,05-01-2016,06-01-2016,06-01-2016,2,6
1326,4,05-01-2016,08-01-2016,07-01-2016,2,7
91,4,06-01-2016,08-01-2016,09-01-2016,1,2
873,4,08-01-2016,11-01-2016,11-01-2016,2,6
258,4,09-01-2016,11-01-2016,12-01-2016,1,3
450,4,09-01-2016,10-01-2016,12-01-2016,2,7
552,4,12-01-2016,15-01-2016,15-01-2016,1,3
1175,4,12-01-2016,14-01-2016,14-01-2016,1,3
541,4,14-01-2016,17-01-2016,15-01-2016,1,3
696,4,14-01-2016,17-01-2016,16-01-2016,1,2
923,4,14-01-2016,16-01-2016,17-01-2016,1,2
1250,4,15-01-2016,16-01-2016,18-01-2016,2,6
1035,4,16-01-2016,18-01-2016,17-01-2016,1,2
1149,4,16-01-2016,19-01-2016,19-01-2016,1,2
636,4,18-01-2016,20-01-2016,19-01-2016,2,7
657,4,18-01-2016,21-01-2016,21-01-2016,2,6
1280,4,18-01-2016,21-01-2016,19-01-2016,2,7
57,4,19-01-2016,21-01-2016,20-01-2016,2,7
252,4,19-01-2016,20-01-2016,21-01-2016,2,6
437,4,20-01-2016,22-01-2016,21-01-2016,2,6
1348,4,20-01-2016,21-01-2016,21-01-2016,2,6
1238,4,20-01-2016,22-01-2016,22-01-2016,3,8
1259,4,21-01-2016,24-01-2016,22-01-2016,1,3
236,4,21-01-2016,22-01-2016,22-01-2016,2,6
80,4,22-01-2016,25-01-2016,23-01-2016,2,6
813,4,22-01-2016,25-01-2016,24-01-2016,2,7
1321,4,23-01-2016,24-01-2016,24-01-2016,2,6
164,4,25-01-2016,28-01-2016,26-01-2016,2,6
583,4,25-01-2016,27-01-2016,26-01-2016,2,7
1296,4,25-01-2016,26-01-2016,26-01-2016,2,7
348,4,27-01-2016,28-01-2016,29-01-2016,1,3
979,4,27-01-2016,30-01-2016,29-01-2016,2,6
1095,4,27-01-2016,28-01-2016,30-01-2016,2,7
1434,4,27-01-2016,28-01-2016,30-01-2016,2,7
861,4,28-01-2016,31-01-2016,30-01-2016,2,7
1220,4,28-01-2016,31-01-2016,31-01-2016,2,7
746,4,29-01-2016,31-01-2016,31-01-2016,2,7
1234,4,29-01-2016,30-01-2016,31-01-2016,2,7
1012,4,30-01-2016,01-02-2016,02-02-2016,2,7
608,4,31-01-2016,01-02-2016,02-02-2016,2,6
872,4,31-01-2016,03-02-2016,02-02-2016,3,8
1047,4,01-02-2016,02-02-2016,03-02-2016,2,7
767,4,03-02-2016,04-02-2016,05-02-2016,1,2
965,4,03-02-2016,04-02-2016,05-02-2016,2,6
535,4,04-02-2016,07-02-2016,07-02-2016,2,7
1173,4,04-02-2016,07-02-2016,06-02-2016,2,6
1241,4,04-02-2016,06-02-2016,07-02-2016,2,6
1305,4,04-02-2016,06-02-2016,06-02-2016,2,7
504,4,05-02-2016,07-02-2016,07-02-2016,2,6
563,4,05-02-2016,07-02-2016,06-02-2016,2,7
151,4,06-02-2016,08-02-2016,07-02-2016,1,3
277,4,06-02-2016,09-02-2016,09-02-2016,2,7
208,4,07-02-2016,10-02-2016,10-02-2016,1,2
1075,4,07-02-2016,09-02-2016,09-02-2016,2,7
1185,4,07-02-2016,08-02-2016,09-02-2016,2,6
996,4,08-02-2016,09-02-2016,11-02-2016,2,6
1253,4,09-02-2016,12-02-2016,12-02-2016,2,7
526,4,09-02-2016,11-02-2016,10-02-2016,3,8
381,4,10-02-2016,11-02-2016,13-02-2016,2,6
1413,4,10-02-2016,12-02-2016,11-02-2016,2,7
50,3,11-02-2016,11-02-2016,,3,9
797,4,11-02-2016,14-02-2016,12-02-2016,2,7
1386,4,12-02-2016,15-02-2016,13-02-2016,1,2
612,4,12-02-2016,15-02-2016,14-02-2016,2,7
264,4,13-02-2016,15-02-2016,15-02-2016,2,7
587,4,14-02-2016,15-02-2016,17-02-2016,2,6
9,3,16-02-2016,16-02-2016,,2,6
385,4,16-02-2016,19-02-2016,19-02-2016,1,2
1182,4,16-02-2016,18-02-2016,19-02-2016,2,7
529,4,17-02-2016,20-02-2016,20-02-2016,1,3
397,4,17-02-2016,20-02-2016,19-02-2016,2,6
521,4,17-02-2016,19-02-2016,18-02-2016,2,6
1223,4,18-02-2016,21-02-2016,20-02-2016,2,6
393,4,19-02-2016,20-02-2016,20-02-2016,1,3
317,4,20-02-2016,22-02-2016,21-02-2016,2,7
1174,4,20-02-2016,23-02-2016,21-02-2016,2,7
276,4,21-02-2016,22-02-2016,23-02-2016,2,7
516,4,21-02-2016,22-02-2016,23-02-2016,2,6
1069,4,21-02-2016,22-02-2016,23-02-2016,2,6
668,4,21-02-2016,24-02-2016,24-02-2016,3,8
414,4,23-02-2016,25-02-2016,24-02-2016,2,7
648,4,25-02-2016,27-02-2016,28-02-2016,1,2
1309,4,25-02-2016,28-02-2016,28-02-2016,2,7
1328,4,26-02-2016,28-02-2016,27-02-2016,1,3
929,4,27-02-2016,28-02-2016,29-02-2016,1,2
218,4,27-02-2016,29-02-2016,28-02-2016,2,7
1094,4,27-02-2016,29-02-2016,28-02-2016,2,7
204,4,28-02-2016,29-02-2016,01-03-2016,2,7
1194,4,28-02-2016,29-02-2016,29-02-2016,2,6
1165,4,29-02-2016,01-03-2016,03-03-2016,3,9
1237,4,01-03-2016,04-03-2016,03-03-2016,2,7
271,4,01-03-2016,04-03-2016,04-03-2016,3,8
336,4,02-03-2016,05-03-2016,03-03-2016,2,7
991,4,03-03-2016,06-03-2016,05-03-2016,1,2
7,4,03-03-2016,05-03-2016,05-03-2016,2,7
306,4,03-03-2016,05-03-2016,04-03-2016,2,7
422,4,04-03-2016,05-03-2016,05-03-2016,3,9
633,4,06-03-2016,09-03-2016,09-03-2016,1,2
12,4,06-03-2016,09-03-2016,07-03-2016,2,6
1255,4,06-03-2016,09-03-2016,09-03-2016,2,6
677,4,06-03-2016,08-03-2016,09-03-2016,3,9
630,4,07-03-2016,10-03-2016,10-03-2016,2,6
469,4,08-03-2016,11-03-2016,10-03-2016,2,6
1078,4,08-03-2016,11-03-2016,11-03-2016,2,6
1431,4,08-03-2016,10-03-2016,11-03-2016,2,7
1369,4,09-03-2016,11-03-2016,11-03-2016,2,7
471,4,10-03-2016,11-03-2016,11-03-2016,2,7
740,4,10-03-2016,13-03-2016,11-03-2016,2,6
577,4,12-03-2016,14-03-2016,13-03-2016,1,2
925,4,12-03-2016,14-03-2016,14-03-2016,2,7
327,4,14-03-2016,15-03-2016,17-03-2016,2,7
755,4,14-03-2016,15-03-2016,16-03-2016,2,6
786,4,14-03-2016,16-03-2016,15-03-2016,2,6
766,4,15-03-2016,18-03-2016,17-03-2016,2,6
403,4,16-03-2016,18-03-2016,17-03-2016,1,3
685,4,16-03-2016,19-03-2016,17-03-2016,2,6
1365,4,16-03-2016,18-03-2016,18-03-2016,2,7
484,4,17-03-2016,18-03-2016,19-03-2016,3,8
86,4,18-03-2016,20-03-2016,21-03-2016,2,6
84,4,19-03-2016,21-03-2016,21-03-2016,2,7
1049,4,19-03-2016,22-03-2016,20-03-2016,2,6
316,4,19-03-2016,22-03-2016,20-03-2016,3,8
46,4,20-03-2016,22-03-2016,23-03-2016,1,3
409,4,20-03-2016,22-03-2016,21-03-2016,2,7
679,4,20-03-2016,21-03-2016,21-03-2016,2,7
1354,4,21-03-2016,23-03-2016,23-03-2016,2,7
1192,4,21-03-2016,24-03-2016,23-03-2016,3,8
370,4,23-03-2016,26-03-2016,25-03-2016,2,7
438,4,23-03-2016,24-03-2016,25-03-2016,2,7
710,4,23-03-2016,24-03-2016,26-03-2016,2,7
1264,4,23-03-2016,26-03-2016,26-03-2016,2,7
557,4,25-03-2016,27-03-2016,26-03-2016,2,7
170,4,26-03-2016,27-03-2016,27-03-2016,1,3
693,4,26-03-2016,28-03-2016,28-03-2016,2,7
1124,4,26-03-2016,29-03-2016,29-03-2016,2,7
366,4,27-03-2016,29-03-2016,30-03-2016,2,6
288,4,28-03-2016,30-03-2016,30-03-2016,1,3
55,4,28-03-2016,31-03-2016,31-03-2016,2,7
714,4,28-03-2016,30-03-2016,30-03-2016,2,6
763,4,28-03-2016,30-03-2016,29-03-2016,2,6
332,4,29-03-2016,31-03-2016,01-04-2016,1,2
926,4,29-03-2016,01-04-2016,31-03-2016,1,2
76,4,29-03-2016,30-03-2016,30-03-2016,2,6
498,4,30-03-2016,02-04-2016,01-04-2016,2,6
1286,4,31-03-2016,01-04-2016,01-04-2016,1,2
371,4,02-04-2016,03-04-2016,04-04-2016,2,6
357,4,03-04-2016,06-04-2016,05-04-2016,1,3
43,4,03-04-2016,06-04-2016,06-04-2016,3,8
117,3,04-04-2016,04-04-2016,,3,9
32,4,04-04-2016,06-04-2016,06-04-2016,1,2
205,4,04-04-2016,06-04-2016,06-04-2016,2,7
251,4,04-04-2016,07-04-2016,05-04-2016,2,7
31,4,06-04-2016,08-04-2016,07-04-2016,1,3
1325,4,06-04-2016,07-04-2016,07-04-2016,2,7
610,4,07-04-2016,08-04-2016,09-04-2016,2,7
574,4,08-04-2016,10-04-2016,10-04-2016,1,3
338,4,08-04-2016,11-04-2016,11-04-2016,2,6
1034,4,08-04-2016,09-04-2016,11-04-2016,2,7
1147,4,09-04-2016,12-04-2016,11-04-2016,1,3
99,4,10-04-2016,11-04-2016,11-04-2016,2,7
1200,4,10-04-2016,11-04-2016,13-04-2016,2,7
237,4,11-04-2016,14-04-2016,14-04-2016,1,3
1079,4,11-04-2016,12-04-2016,14-04-2016,2,7
117,4,11-04-2016,14-04-2016,13-04-2016,3,8
1361,4,12-04-2016,13-04-2016,15-04-2016,2,7
951,4,13-04-2016,14-04-2016,14-04-2016,2,6
643,4,15-04-2016,16-04-2016,17-04-2016,2,7
121,4,16-04-2016,19-04-2016,19-04-2016,1,2
756,4,16-04-2016,17-04-2016,18-04-2016,2,6
616,4,17-04-2016,19-04-2016,19-04-2016,2,6
918,4,17-04-2016,20-04-2016,19-04-2016,2,7
459,4,18-04-2016,20-04-2016,20-04-2016,1,3
854,4,18-04-2016,19-04-2016,20-04-2016,2,6
22,4,19-04-2016,20-04-2016,20-04-2016,2,7
134,4,19-04-2016,21-04-2016,22-04-2016,2,7
24,3,20-04-2016,20-04-2016,,1,2
1127,4,21-04-2016,22-04-2016,24-04-2016,2,6
183,4,22-04-2016,23-04-2016,24-04-2016,2,6
390,4,22-04-2016,23-04-2016,25-04-2016,2,6
1288,4,23-04-2016,24-04-2016,26-04-2016,1,2
98,4,23-04-2016,25-04-2016,25-04-2016,2,6
919,4,27-04-2016,28-04-2016,28-04-2016,1,2
728,4,27-04-2016,28-04-2016,29-04-2016,2,7
1366,4,28-04-2016,30-04-2016,30-04-2016,1,3
558,4,28-04-2016,30-04-2016,01-05-2016,2,7
727,4,28-04-2016,01-05-2016,01-05-2016,2,7
1247,4,28-04-2016,30-04-2016,01-05-2016,2,6
127,4,30-04-2016,03-05-2016,03-05-2016,2,7
640,4,01-05-2016,04-05-2016,03-05-2016,2,6
760,4,01-05-2016,04-05-2016,04-05-2016,2,7
1074,4,01-05-2016,03-05-2016,03-05-2016,2,6
280,4,01-05-2016,04-05-2016,02-05-2016,3,9
600,4,03-05-2016,05-05-2016,04-05-2016,1,2
1102,4,03-05-2016,05-05-2016,06-05-2016,3,9
591,4,04-05-2016,07-05-2016,06-05-2016,2,7
635,4,04-05-2016,05-05-2016,06-05-2016,2,6
743,4,04-05-2016,06-05-2016,05-05-2016,3,9
105,4,05-05-2016,07-05-2016,07-05-2016,2,7
815,4,06-05-2016,07-05-2016,09-05-2016,2,7
514,4,07-05-2016,08-05-2016,08-05-2016,2,6
943,4,07-05-2016,08-05-2016,09-05-2016,2,6
1140,4,07-05-2016,09-05-2016,08-05-2016,2,6
1373,4,08-05-2016,09-05-2016,11-05-2016,2,6
788,4,08-05-2016,09-05-2016,09-05-2016,3,8
363,4,10-05-2016,12-05-2016,11-05-2016,2,6
1420,4,10-05-2016,13-05-2016,12-05-2016,2,7
267,4,11-05-2016,14-05-2016,13-05-2016,1,3
716,4,11-05-2016,12-05-2016,14-05-2016,2,7
1179,4,12-05-2016,14-05-2016,14-05-2016,2,7
1338,4,12-05-2016,15-05-2016,15-05-2016,2,6
1358,4,12-05-2016,14-05-2016,15-05-2016,2,6
1218,4,13-05-2016,16-05-2016,14-05-2016,1,2
51,4,13-05-2016,16-05-2016,14-05-2016,2,6
1368,4,15-05-2016,16-05-2016,17-05-2016,2,7
157,4,17-05-2016,18-05-2016,19-05-2016,1,3
307,4,17-05-2016,20-05-2016,19-05-2016,1,3
501,4,17-05-2016,19-05-2016,20-05-2016,1,2
489,4,17-05-2016,18-05-2016,20-05-2016,2,7
615,4,17-05-2016,20-05-2016,20-05-2016,2,7
742,4,19-05-2016,21-05-2016,20-05-2016,2,6
1167,4,19-05-2016,20-05-2016,21-05-2016,2,6
1257,4,19-05-2016,22-05-2016,21-05-2016,2,6
1360,4,20-05-2016,23-05-2016,23-05-2016,1,3
737,4,21-05-2016,22-05-2016,24-05-2016,2,6
1435,4,22-05-2016,24-05-2016,24-05-2016,2,6
649,4,24-05-2016,25-05-2016,25-05-2016,2,6
206,4,25-05-2016,27-05-2016,26-05-2016,2,6
1351,4,25-05-2016,26-05-2016,27-05-2016,2,7
1350,4,26-05-2016,29-05-2016,29-05-2016,2,6
13,3,27-05-2016,27-05-2016,,3,9
65,4,27-05-2016,29-05-2016,30-05-2016,2,6
1082,4,27-05-2016,29-05-2016,29-05-2016,2,7
1168,4,27-05-2016,30-05-2016,30-05-2016,2,7
802,4,27-05-2016,30-05-2016,28-05-2016,3,8
956,4,28-05-2016,29-05-2016,29-05-2016,2,6
223,4,29-05-2016,31-05-2016,30-05-2016,2,7
17,3,30-05-2016,30-05-2016,,2,6
928,4,30-05-2016,01-06-2016,01-06-2016,1,3
1376,4,30-05-2016,01-06-2016,31-05-2016,2,7
145,4,01-06-2016,04-06-2016,04-06-2016,2,6
150,4,01-06-2016,02-06-2016,04-06-2016,2,7
851,4,01-06-2016,04-06-2016,04-06-2016,2,7
66,4,01-06-2016,04-06-2016,02-06-2016,3,8
1267,4,02-06-2016,05-06-2016,05-06-2016,2,6
510,4,03-06-2016,06-06-2016,05-06-2016,2,7
801,4,03-06-2016,06-06-2016,05-06-2016,2,7
26,4,04-06-2016,05-06-2016,07-06-2016,2,7
1314,4,05-06-2016,06-06-2016,08-06-2016,1,3
107,4,06-06-2016,07-06-2016,07-06-2016,2,7
413,4,06-06-2016,09-06-2016,09-06-2016,2,7
632,4,06-06-2016,08-06-2016,08-06-2016,2,6
1045,4,08-06-2016,10-06-2016,09-06-2016,1,2
579,4,08-06-2016,11-06-2016,10-06-2016,3,9
1322,4,09-06-2016,10-06-2016,12-06-2016,2,6
5,3,10-06-2016,10-06-2016,,1,3
682,4,10-06-2016,12-06-2016,11-06-2016,2,7
933,4,10-06-2016,13-06-2016,13-06-2016,2,7
282,4,11-06-2016,14-06-2016,14-06-2016,1,3
540,4,11-06-2016,14-06-2016,12-06-2016,1,3
764,4,12-06-2016,13-06-2016,15-06-2016,2,6
879,4,12-06-2016,15-06-2016,13-06-2016,2,7
350,4,13-06-2016,16-06-2016,14-06-2016,2,7
497,4,15-06-2016,18-06-2016,16-06-2016,2,7
1340,4,16-06-2016,19-06-2016,17-06-2016,2,7
411,4,17-06-2016,20-06-2016,18-06-2016,2,7
1341,4,17-06-2016,19-06-2016,18-06-2016,2,7
1227,4,18-06-2016,19-06-2016,19-06-2016,2,6
546,4,19-06-2016,20-06-2016,20-06-2016,2,7
1301,4,20-06-2016,23-06-2016,21-06-2016,1,3
378,4,21-06-2016,22-06-2016,22-06-2016,2,6
638,4,21-06-2016,22-06-2016,23-06-2016,2,7
800,4,21-06-2016,22-06-2016,23-06-2016,2,7
159,4,22-06-2016,25-06-2016,25-06-2016,3,9
181,4,23-06-2016,26-06-2016,26-06-2016,1,2
1356,4,23-06-2016,25-06-2016,25-06-2016,2,7
319,4,25-06-2016,26-06-2016,27-06-2016,1,2
59,4,25-06-2016,26-06-2016,26-06-2016,2,6
133,4,25-06-2016,26-06-2016,27-06-2016,2,6
780,4,25-06-2016,28-06-2016,28-06-2016,2,6
849,4,27-06-2016,28-06-2016,30-06-2016,2,6
202,4,28-06-2016,29-06-2016,30-06-2016,2,6
158,4,29-06-2016,30-06-2016,01-07-2016,2,6
360,4,29-06-2016,30-06-2016,02-07-2016,3,9
573,4,30-06-2016,03-07-2016,02-07-2016,2,7
732,4,01-07-2016,02-07-2016,02-07-2016,2,7
1130,4,01-07-2016,04-07-2016,04-07-2016,2,7
1245,4,04-07-2016,07-07-2016,06-07-2016,2,6
1425,4,04-07-2016,05-07-2016,06-07-2016,2,7
885,4,04-07-2016,07-07-2016,07-07-2016,3,9
281,4,05-07-2016,06-07-2016,07-07-2016,2,6
1205,4,05-07-2016,08-07-2016,08-07-2016,2,6
17,4,06-07-2016,09-07-2016,08-07-2016,2,6
1375,4,06-07-2016,07-07-2016,09-07-2016,2,6
36,4,07-07-2016,08-07-2016,09-07-2016,2,7
230,4,07-07-2016,08-07-2016,08-07-2016,2,6
705,4,07-07-2016,08-07-2016,08-07-2016,2,7
424,4,09-07-2016,10-07-2016,12-07-2016,2,7
695,4,09-07-2016,11-07-2016,11-07-2016,2,6
156,4,11-07-2016,12-07-2016,14-07-2016,2,6
211,4,11-07-2016,13-07-2016,13-07-2016,2,6
627,4,12-07-2016,13-07-2016,13-07-2016,1,2
1400,4,12-07-2016,14-07-2016,13-07-2016,2,6
299,4,13-07-2016,15-07-2016,16-07-2016,2,6
565,4,14-07-2016,15-07-2016,15-07-2016,3,9
1019,4,15-07-2016,17-07-2016,17-07-2016,2,7
1263,4,16-07-2016,19-07-2016,17-07-2016,2,6
670,4,17-07-2016,20-07-2016,19-07-2016,2,7
795,4,17-07-2016,20-07-2016,19-07-2016,2,7
1141,4,17-07-2016,19-07-2016,20-07-2016,2,7
941,4,18-07-2016,21-07-2016,21-07-2016,2,6
1428,4,19-07-2016,20-07-2016,21-07-2016,1,2
568,4,19-07-2016,22-07-2016,21-07-2016,2,6
924,4,19-07-2016,22-07-2016,20-07-2016,2,6
1243,4,19-07-2016,22-07-2016,21-07-2016,2,6
480,4,20-07-2016,22-07-2016,23-07-2016,2,6
848,4,20-07-2016,21-07-2016,21-07-2016,2,6
1337,4,20-07-2016,21-07-2016,22-07-2016,3,9
83,4,21-07-2016,24-07-2016,22-07-2016,2,6
528,4,23-07-2016,26-07-2016,25-07-2016,2,6
274,4,24-07-2016,27-07-2016,26-07-2016,2,6
622,4,24-07-2016,27-07-2016,27-07-2016,2,6
642,4,24-07-2016,26-07-2016,25-07-2016,2,6
659,4,24-07-2016,26-07-2016,26-07-2016,2,7
779,4,25-07-2016,27-07-2016,26-07-2016,2,6
1112,4,25-07-2016,28-07-2016,27-07-2016,2,7
1193,4,25-07-2016,27-07-2016,26-07-2016,2,6
1030,4,26-07-2016,29-07-2016,27-07-2016,2,7
1252,4,26-07-2016,27-07-2016,28-07-2016,2,7
1333,4,28-07-2016,29-07-2016,30-07-2016,1,3
1110,4,28-07-2016,31-07-2016,29-07-2016,2,7
963,4,29-07-2016,30-07-2016,31-07-2016,2,7
1357,4,31-07-2016,03-08-2016,01-08-2016,1,3
806,4,31-07-2016,01-08-2016,03-08-2016,2,7
961,4,31-07-2016,02-08-2016,01-08-2016,2,7
750,4,01-08-2016,03-08-2016,02-08-2016,2,6
1299,4,01-08-2016,04-08-2016,03-08-2016,2,6
584,4,01-08-2016,03-08-2016,02-08-2016,3,9
1004,4,02-08-2016,03-08-2016,05-08-2016,2,6
907,4,02-08-2016,05-08-2016,04-08-2016,3,9
30,3,03-08-2016,03-08-2016,,1,3
31,3,03-08-2016,03-08-2016,,1,3
1307,4,03-08-2016,06-08-2016,04-08-2016,1,2
16,4,03-08-2016,04-08-2016,06-08-2016,2,7
1387,4,03-08-2016,06-08-2016,06-08-2016,2,7
551,4,03-08-2016,05-08-2016,06-08-2016,3,8
1011,4,03-08-2016,05-08-2016,05-08-2016,3,8
1189,4,04-08-2016,07-08-2016,06-08-2016,2,6
14,3,05-08-2016,05-08-2016,,3,8
1042,4,05-08-2016,07-08-2016,07-08-2016,2,7
441,4,07-08-2016,10-08-2016,10-08-2016,2,7
1300,4,07-08-2016,09-08-2016,10-08-2016,2,6
994,4,08-08-2016,09-08-2016,11-08-2016,2,6
187,4,09-08-2016,11-08-2016,11-08-2016,1,2
834,4,11-08-2016,12-08-2016,13-08-2016,3,8
373,4,12-08-2016,14-08-2016,13-08-2016,2,6
981,4,13-08-2016,14-08-2016,15-08-2016,2,6
1054,4,13-08-2016,14-08-2016,14-08-2016,3,9
527,4,14-08-2016,15-08-2016,15-08-2016,2,7
995,4,14-08-2016,15-08-2016,17-08-2016,2,7
1285,4,15-08-2016,18-08-2016,18-08-2016,1,3
758,4,15-08-2016,18-08-2016,18-08-2016,2,7
891,4,15-08-2016,16-08-2016,18-08-2016,2,7
132,4,16-08-2016,18-08-2016,18-08-2016,2,6
337,4,16-08-2016,19-08-2016,17-08-2016,2,7
1313,4,17-08-2016,19-08-2016,18-08-2016,1,2
536,4,17-08-2016,20-08-2016,20-08-2016,2,7
825,4,17-08-2016,19-08-2016,18-08-2016,2,6
1355,4,17-08-2016,19-08-2016,20-08-2016,2,6
475,4,17-08-2016,20-08-2016,20-08-2016,3,9
954,4,18-08-2016,21-08-2016,21-08-2016,2,7
1156,4,19-08-2016,20-08-2016,21-08-2016,2,7
1297,4,19-08-2016,21-08-2016,21-08-2016,2,7
199,4,20-08-2016,23-08-2016,23-08-2016,2,6
331,4,20-08-2016,23-08-2016,22-08-2016,2,7
410,4,20-08-2016,22-08-2016,23-08-2016,2,7
1274,4,20-08-2016,23-08-2016,22-08-2016,2,7
1362,4,20-08-2016,23-08-2016,23-08-2016,2,6
451,4,20-08-2016,21-08-2016,21-08-2016,3,8
1080,4,21-08-2016,24-08-2016,23-08-2016,3,8
53,4,22-08-2016,24-08-2016,25-08-2016,1,3
576,4,22-08-2016,24-08-2016,25-08-2016,3,9
61,3,23-08-2016,23-08-2016,,3,9
176,4,23-08-2016,26-08-2016,24-08-2016,1,3
368,4,25-08-2016,26-08-2016,27-08-2016,2,6
522,4,26-08-2016,28-08-2016,29-08-2016,1,3
144,4,26-08-2016,27-08-2016,29-08-2016,2,6
542,4,27-08-2016,30-08-2016,29-08-2016,2,6
1437,4,28-08-2016,31-08-2016,29-08-2016,2,7
447,4,29-08-2016,30-08-2016,01-09-2016,1,2
1001,4,29-08-2016,01-09-2016,01-09-2016,2,7
1295,4,29-08-2016,30-08-2016,31-08-2016,2,6
103,4,30-08-2016,02-09-2016,01-09-2016,2,6
1335,4,30-08-2016,01-09-2016,31-08-2016,2,6
578,4,31-08-2016,01-09-2016,02-09-2016,1,3
396,4,31-08-2016,03-09-2016,01-09-2016,2,7
603,4,31-08-2016,01-09-2016,01-09-2016,2,6
1380,4,31-08-2016,02-09-2016,01-09-2016,2,7
77,3,01-09-2016,01-09-2016,,3,8
1071,4,01-09-2016,02-09-2016,02-09-2016,1,2
416,4,01-09-2016,04-09-2016,04-09-2016,2,7
1151,4,01-09-2016,03-09-2016,02-09-2016,2,6
261,4,02-09-2016,04-09-2016,04-09-2016,1,3
1202,4,02-09-2016,04-09-2016,04-09-2016,1,3
717,4,02-09-2016,05-09-2016,03-09-2016,2,6
917,4,03-09-2016,06-09-2016,06-09-2016,2,7
1265,4,03-09-2016,06-09-2016,06-09-2016,2,7
1377,4,03-09-2016,04-09-2016,06-09-2016,2,7
359,4,04-09-2016,05-09-2016,06-09-2016,1,3
88,4,04-09-2016,05-09-2016,05-09-2016,2,6
14,4,04-09-2016,07-09-2016,06-09-2016,3,8
72,4,05-09-2016,06-09-2016,07-09-2016,1,3
240,4,05-09-2016,06-09-2016,08-09-2016,1,3
398,4,06-09-2016,07-09-2016,09-09-2016,2,6
1397,4,06-09-2016,09-09-2016,09-09-2016,2,7
67,4,08-09-2016,11-09-2016,11-09-2016,1,3
843,4,08-09-2016,11-09-2016,11-09-2016,2,6
944,4,08-09-2016,10-09-2016,10-09-2016,2,6
434,4,09-09-2016,10-09-2016,11-09-2016,1,2
1039,4,09-09-2016,12-09-2016,10-09-2016,2,6
153,4,10-09-2016,12-09-2016,12-09-2016,3,8
272,4,11-09-2016,13-09-2016,12-09-2016,2,6
1217,4,11-09-2016,12-09-2016,12-09-2016,2,6
169,4,12-09-2016,15-09-2016,14-09-2016,1,2
1062,4,12-09-2016,15-09-2016,13-09-2016,2,6
726,4,13-09-2016,15-09-2016,14-09-2016,2,6
77,4,14-09-2016,15-09-2016,16-09-2016,3,9
791,4,16-09-2016,19-09-2016,19-09-2016,2,7
1085,4,16-09-2016,18-09-2016,18-09-2016,2,7
314,4,16-09-2016,19-09-2016,18-09-2016,3,8
149,4,17-09-2016,20-09-2016,18-09-2016,2,6
882,4,17-09-2016,18-09-2016,19-09-2016,2,7
704,4,18-09-2016,19-09-2016,19-09-2016,1,2
667,4,18-09-2016,21-09-2016,21-09-2016,2,7
1371,4,18-09-2016,19-09-2016,20-09-2016,2,6
30,4,19-09-2016,20-09-2016,21-09-2016,1,2
362,4,19-09-2016,22-09-2016,22-09-2016,2,6
399,4,19-09-2016,21-09-2016,20-09-2016,2,7
808,4,20-09-2016,23-09-2016,22-09-2016,3,8
101,4,21-09-2016,22-09-2016,24-09-2016,2,6
492,4,21-09-2016,24-09-2016,22-09-2016,2,7
575,4,21-09-2016,24-09-2016,23-09-2016,2,7
1146,4,21-09-2016,23-09-2016,22-09-2016,2,7
997,4,22-09-2016,23-09-2016,24-09-2016,2,7
1028,4,22-09-2016,24-09-2016,25-09-2016,2,7
988,4,23-09-2016,25-09-2016,26-09-2016,2,6
1055,4,23-09-2016,24-09-2016,24-09-2016,2,7
1061,4,23-09-2016,26-09-2016,25-09-2016,3,9
1349,4,24-09-2016,27-09-2016,27-09-2016,1,3
197,4,25-09-2016,28-09-2016,26-09-2016,2,6
874,4,25-09-2016,28-09-2016,26-09-2016,2,6
691,4,25-09-2016,27-09-2016,26-09-2016,3,8
853,4,26-09-2016,27-09-2016,27-09-2016,2,7
852,4,27-09-2016,28-09-2016,29-09-2016,2,6
964,4,27-09-2016,28-09-2016,28-09-2016,3,8
74,4,28-09-2016,30-09-2016,29-09-2016,2,7
1198,4,28-09-2016,01-10-2016,01-10-2016,2,6
1440,4,28-09-2016,29-09-2016,01-10-2016,2,7
555,4,28-09-2016,30-09-2016,30-09-2016,3,8
1261,4,29-09-2016,02-10-2016,30-09-2016,1,3
1089,4,29-09-2016,02-10-2016,02-10-2016,2,7
641,4,30-09-2016,02-10-2016,02-10-2016,1,3
697,4,30-09-2016,02-10-2016,01-10-2016,1,3
468,4,30-09-2016,01-10-2016,01-10-2016,2,7
549,4,30-09-2016,02-10-2016,03-10-2016,2,7
553,4,01-10-2016,04-10-2016,04-10-2016,1,3
241,4,01-10-2016,04-10-2016,03-10-2016,2,7
559,4,01-10-2016,04-10-2016,02-10-2016,2,6
449,4,02-10-2016,05-10-2016,04-10-2016,1,2
304,4,02-10-2016,05-10-2016,03-10-2016,2,7
984,4,03-10-2016,04-10-2016,04-10-2016,2,6
686,4,04-10-2016,07-10-2016,05-10-2016,1,3
481,4,04-10-2016,07-10-2016,06-10-2016,3,9
513,4,05-10-2016,06-10-2016,06-10-2016,2,6
703,4,06-10-2016,07-10-2016,09-10-2016,1,2
421,4,06-10-2016,09-10-2016,07-10-2016,2,7
465,4,06-10-2016,08-10-2016,07-10-2016,2,7
709,4,06-10-2016,08-10-2016,09-10-2016,2,7
827,4,06-10-2016,09-10-2016,09-10-2016,2,6
921,4,06-10-2016,09-10-2016,08-10-2016,2,6
899,4,06-10-2016,08-10-2016,08-10-2016,3,8
876,4,07-10-2016,10-10-2016,09-10-2016,2,6
1048,4,08-10-2016,10-10-2016,11-10-2016,1,2
191,4,09-10-2016,10-10-2016,12-10-2016,1,2
796,4,09-10-2016,12-10-2016,11-10-2016,1,3
875,4,09-10-2016,10-10-2016,11-10-2016,2,6
712,4,10-10-2016,12-10-2016,13-10-2016,1,3
193,4,10-10-2016,12-10-2016,11-10-2016,2,6
785,4,10-10-2016,11-10-2016,11-10-2016,2,6
1331,4,10-10-2016,12-10-2016,11-10-2016,2,6
260,4,11-10-2016,14-10-2016,13-10-2016,1,2
148,4,11-10-2016,12-10-2016,13-10-2016,2,6
977,4,11-10-2016,12-10-2016,13-10-2016,2,7
401,4,12-10-2016,13-10-2016,13-10-2016,3,9
932,4,13-10-2016,16-10-2016,14-10-2016,2,6
1381,4,14-10-2016,15-10-2016,15-10-2016,1,2
721,4,14-10-2016,16-10-2016,17-10-2016,2,6
831,4,14-10-2016,16-10-2016,16-10-2016,2,6
1378,4,15-10-2016,17-10-2016,17-10-2016,1,3
1359,4,15-10-2016,18-10-2016,18-10-2016,2,6
235,4,16-10-2016,17-10-2016,17-10-2016,2,7
586,4,17-10-2016,18-10-2016,18-10-2016,2,7
377,4,18-10-2016,20-10-2016,19-10-2016,2,7
8,4,19-10-2016,22-10-2016,20-10-2016,2,7
155,4,19-10-2016,21-10-2016,21-10-2016,2,6
927,4,19-10-2016,21-10-2016,20-10-2016,2,7
986,4,19-10-2016,20-10-2016,22-10-2016,2,6
111,4,21-10-2016,23-10-2016,24-10-2016,2,6
613,4,21-10-2016,22-10-2016,24-10-2016,2,6
1374,4,22-10-2016,24-10-2016,25-10-2016,1,2
54,4,22-10-2016,23-10-2016,24-10-2016,2,7
639,4,23-10-2016,26-10-2016,24-10-2016,2,7
664,4,23-10-2016,25-10-2016,25-10-2016,2,6
724,4,23-10-2016,24-10-2016,24-10-2016,2,7
1056,4,24-10-2016,26-10-2016,27-10-2016,2,6
569,4,25-10-2016,26-10-2016,27-10-2016,1,2
1315,4,26-10-2016,28-10-2016,29-10-2016,1,3
1096,4,26-10-2016,28-10-2016,28-10-2016,2,6
506,4,27-10-2016,29-10-2016,28-10-2016,1,2
676,4,28-10-2016,31-10-2016,31-10-2016,2,7
753,4,28-10-2016,30-10-2016,31-10-2016,2,7
773,4,28-10-2016,31-10-2016,31-10-2016,2,6
116,4,28-10-2016,29-10-2016,30-10-2016,3,8
817,4,29-10-2016,31-10-2016,30-10-2016,2,7
1334,4,29-10-2016,01-11-2016,01-11-2016,2,6
1406,4,29-10-2016,30-10-2016,31-10-2016,2,7
835,4,29-10-2016,31-10-2016,01-11-2016,3,9
759,4,31-10-2016,02-11-2016,01-11-2016,1,3
1353,4,31-10-2016,01-11-2016,03-11-2016,1,2
341,4,02-11-2016,05-11-2016,05-11-2016,2,6
1144,4,02-11-2016,04-11-2016,03-11-2016,2,7
1429,4,03-11-2016,05-11-2016,06-11-2016,1,3
1228,4,04-11-2016,07-11-2016,07-11-2016,1,3
313,4,04-11-2016,06-11-2016,05-11-2016,2,7
62,4,06-11-2016,09-11-2016,08-11-2016,2,6
321,4,06-11-2016,07-11-2016,08-11-2016,2,7
1108,4,08-11-2016,10-11-2016,09-11-2016,3,9
470,4,09-11-2016,12-11-2016,10-11-2016,2,7
20,4,09-11-2016,11-11-2016,10-11-2016,3,8
739,4,11-11-2016,13-11-2016,13-11-2016,2,7
64,3,12-11-2016,12-11-2016,,3,9
892,4,12-11-2016,14-11-2016,15-11-2016,2,7
1169,4,12-11-2016,13-11-2016,13-11-2016,2,6
1282,4,12-11-2016,15-11-2016,13-11-2016,2,7
913,4,12-11-2016,13-11-2016,15-11-2016,3,9
104,4,13-11-2016,14-11-2016,16-11-2016,1,3
212,4,13-11-2016,14-11-2016,16-11-2016,2,7
61,4,13-11-2016,14-11-2016,15-11-2016,3,9
1248,4,14-11-2016,17-11-2016,15-11-2016,2,6
1443,4,15-11-2016,16-11-2016,17-11-2016,2,7
959,4,16-11-2016,17-11-2016,17-11-2016,1,2
1405,4,18-11-2016,19-11-2016,21-11-2016,2,6
90,4,19-11-2016,22-11-2016,22-11-2016,2,6
942,4,19-11-2016,20-11-2016,22-11-2016,2,7
365,4,20-11-2016,22-11-2016,21-11-2016,2,6
1058,4,20-11-2016,23-11-2016,22-11-2016,2,7
894,4,21-11-2016,22-11-2016,22-11-2016,2,7
298,4,22-11-2016,25-11-2016,23-11-2016,1,3
1430,4,22-11-2016,23-11-2016,23-11-2016,1,2
1275,4,23-11-2016,25-11-2016,24-11-2016,1,3
707,4,23-11-2016,24-11-2016,25-11-2016,2,6
989,4,23-11-2016,24-11-2016,25-11-2016,2,6
5,4,24-11-2016,25-11-2016,27-11-2016,1,2
178,4,24-11-2016,26-11-2016,26-11-2016,2,6
423,4,24-11-2016,26-11-2016,27-11-2016,2,6
833,4,26-11-2016,27-11-2016,29-11-2016,2,7
33,4,27-11-2016,28-11-2016,30-11-2016,1,3
1272,4,27-11-2016,30-11-2016,28-11-2016,1,3
445,4,27-11-2016,30-11-2016,29-11-2016,2,6
819,4,27-11-2016,28-11-2016,29-11-2016,2,7
160,4,27-11-2016,30-11-2016,29-11-2016,3,8
581,4,30-11-2016,02-12-2016,02-12-2016,1,3
688,4,03-12-2016,05-12-2016,06-12-2016,1,3
32,3,04-12-2016,04-12-2016,,1,2
792,4,04-12-2016,05-12-2016,07-12-2016,2,7
1209,4,04-12-2016,05-12-2016,05-12-2016,2,7
1219,4,04-12-2016,05-12-2016,05-12-2016,2,7
1306,4,04-12-2016,06-12-2016,05-12-2016,2,6
487,4,06-12-2016,08-12-2016,08-12-2016,1,2
102,4,06-12-2016,07-12-2016,07-12-2016,2,7
719,4,06-12-2016,07-12-2016,07-12-2016,2,7
990,4,06-12-2016,09-12-2016,07-12-2016,2,7
1211,4,06-12-2016,09-12-2016,09-12-2016,2,7
1232,4,06-12-2016,08-12-2016,08-12-2016,2,7
50,4,07-12-2016,10-12-2016,08-12-2016,3,8
1318,4,07-12-2016,08-12-2016,08-12-2016,3,8
538,4,08-12-2016,09-12-2016,11-12-2016,1,2
952,4,08-12-2016,09-12-2016,09-12-2016,1,3
1121,4,08-12-2016,09-12-2016,10-12-2016,2,6
40,3,09-12-2016,09-12-2016,,1,3
1,4,09-12-2016,10-12-2016,12-12-2016,2,6
624,4,09-12-2016,12-12-2016,11-12-2016,2,7
683,4,09-12-2016,10-12-2016,10-12-2016,2,6
823,4,09-12-2016,10-12-2016,11-12-2016,2,6
1032,4,09-12-2016,10-12-2016,10-12-2016,2,7
96,4,10-12-2016,13-12-2016,12-12-2016,2,7
1208,4,10-12-2016,11-12-2016,12-12-2016,2,6
18,4,11-12-2016,12-12-2016,13-12-2016,2,7
309,4,11-12-2016,14-12-2016,13-12-2016,2,6
1103,4,12-12-2016,15-12-2016,14-12-2016,1,3
896,4,12-12-2016,13-12-2016,14-12-2016,2,7
711,4,13-12-2016,15-12-2016,14-12-2016,2,6
1073,4,15-12-2016,17-12-2016,18-12-2016,2,7
634,4,16-12-2016,17-12-2016,17-12-2016,2,7
1159,4,17-12-2016,19-12-2016,19-12-2016,2,7
654,4,18-12-2016,21-12-2016,21-12-2016,1,2
560,4,19-12-2016,22-12-2016,21-12-2016,3,9
1444,4,20-12-2016,23-12-2016,23-12-2016,2,6
118,4,21-12-2016,23-12-2016,23-12-2016,2,7
131,4,21-12-2016,22-12-2016,22-12-2016,2,6
454,4,22-12-2016,25-12-2016,25-12-2016,2,7
466,4,22-12-2016,24-12-2016,24-12-2016,2,6
1157,4,23-12-2016,25-12-2016,24-12-2016,2,6
1398,4,23-12-2016,26-12-2016,25-12-2016,2,7
678,4,24-12-2016,26-12-2016,27-12-2016,2,6
814,4,24-12-2016,25-12-2016,27-12-2016,2,6
1163,4,25-12-2016,28-12-2016,26-12-2016,1,2
130,4,25-12-2016,28-12-2016,27-12-2016,2,7
1119,4,25-12-2016,26-12-2016,28-12-2016,2,6
561,4,26-12-2016,29-12-2016,27-12-2016,1,3
973,4,26-12-2016,27-12-2016,29-12-2016,1,2
1404,4,26-12-2016,27-12-2016,28-12-2016,2,6
855,4,27-12-2016,29-12-2016,29-12-2016,1,3
163,4,27-12-2016,29-12-2016,29-12-2016,2,7
1040,4,28-12-2016,31-12-2016,30-12-2016,3,8
27,4,29-12-2016,01-01-2017,30-12-2016,2,6
520,4,30-12-2016,02-01-2017,31-12-2016,2,6
532,4,03-01-2017,04-01-2017,05-01-2017,1,2
512,4,03-01-2017,05-01-2017,05-01-2017,2,6
1302,4,04-01-2017,05-01-2017,06-01-2017,2,7
550,4,06-01-2017,07-01-2017,07-01-2017,2,6
1093,4,06-01-2017,08-01-2017,07-01-2017,2,6
673,4,07-01-2017,10-01-2017,08-01-2017,1,3
847,4,07-01-2017,09-01-2017,10-01-2017,2,7
901,4,08-01-2017,09-01-2017,11-01-2017,1,3
439,4,08-01-2017,11-01-2017,10-01-2017,2,6
1199,4,08-01-2017,11-01-2017,10-01-2017,2,6
975,4,09-01-2017,12-01-2017,11-01-2017,1,2
283,4,09-01-2017,10-01-2017,11-01-2017,2,7
684,4,09-01-2017,11-01-2017,11-01-2017,2,6
1153,4,10-01-2017,11-01-2017,13-01-2017,1,3
729,4,11-01-2017,14-01-2017,12-01-2017,1,2
190,4,11-01-2017,13-01-2017,13-01-2017,2,7
985,4,12-01-2017,15-01-2017,13-01-2017,3,9
1249,4,14-01-2017,17-01-2017,15-01-2017,1,2
1129,4,14-01-2017,15-01-2017,17-01-2017,2,7
347,4,16-01-2017,17-01-2017,18-01-2017,1,3
949,4,16-01-2017,17-01-2017,18-01-2017,2,7
349,4,17-01-2017,19-01-2017,20-01-2017,1,2
1051,4,17-01-2017,18-01-2017,18-01-2017,2,7
1391,4,17-01-2017,19-01-2017,18-01-2017,2,7
383,4,18-01-2017,19-01-2017,19-01-2017,2,7
626,4,18-01-2017,19-01-2017,20-01-2017,2,6
1125,4,19-01-2017,20-01-2017,20-01-2017,1,3
344,4,20-01-2017,22-01-2017,23-01-2017,1,3
681,4,20-01-2017,23-01-2017,22-01-2017,2,7
29,4,21-01-2017,22-01-2017,23-01-2017,2,6
770,4,21-01-2017,22-01-2017,24-01-2017,2,7
858,4,22-01-2017,24-01-2017,25-01-2017,2,7
297,4,22-01-2017,23-01-2017,24-01-2017,3,8
745,4,23-01-2017,24-01-2017,26-01-2017,2,7
361,4,24-01-2017,25-01-2017,25-01-2017,2,6
922,4,25-01-2017,28-01-2017,26-01-2017,2,7
908,4,26-01-2017,29-01-2017,29-01-2017,2,6
64,4,26-01-2017,28-01-2017,27-01-2017,3,9
733,4,27-01-2017,28-01-2017,29-01-2017,2,6
291,4,28-01-2017,31-01-2017,30-01-2017,2,7
790,4,28-01-2017,30-01-2017,31-01-2017,2,7
809,4,28-01-2017,31-01-2017,30-01-2017,2,7
250,4,28-01-2017,29-01-2017,31-01-2017,3,9
81,4,29-01-2017,30-01-2017,30-01-2017,1,3
245,4,29-01-2017,01-02-2017,30-01-2017,1,3
499,4,29-01-2017,01-02-2017,31-01-2017,2,7
614,4,29-01-2017,30-01-2017,30-01-2017,2,6
741,4,29-01-2017,31-01-2017,01-02-2017,2,6
762,4,31-01-2017,01-02-2017,02-02-2017,2,6
976,4,31-01-2017,03-02-2017,02-02-2017,2,7
380,4,01-02-2017,03-02-2017,04-02-2017,2,7
530,4,02-02-2017,05-02-2017,04-02-2017,1,3
343,4,02-02-2017,03-02-2017,05-02-2017,2,7
884,4,02-02-2017,03-02-2017,05-02-2017,2,7
1097,4,03-02-2017,04-02-2017,06-02-2017,1,2
1081,4,04-02-2017,06-02-2017,06-02-2017,2,7
2,3,05-02-2017,05-02-2017,,1,3
1233,4,05-02-2017,07-02-2017,06-02-2017,1,3
58,4,05-02-2017,06-02-2017,08-02-2017,2,7
606,4,05-02-2017,08-02-2017,07-02-2017,2,7
1242,4,05-02-2017,08-02-2017,08-02-2017,2,7
562,4,06-02-2017,08-02-2017,09-02-2017,1,2
543,4,06-02-2017,08-02-2017,09-02-2017,3,8
958,4,06-02-2017,08-02-2017,09-02-2017,3,9
4,4,07-02-2017,10-02-2017,08-02-2017,2,6
850,4,07-02-2017,08-02-2017,09-02-2017,3,9
1352,4,08-02-2017,09-02-2017,11-02-2017,1,3
417,4,08-02-2017,09-02-2017,09-02-2017,2,7
1137,4,08-02-2017,09-02-2017,11-02-2017,2,6
1196,4,08-02-2017,11-02-2017,11-02-2017,2,7
1271,4,09-02-2017,12-02-2017,10-02-2017,1,2
79,4,09-02-2017,11-02-2017,11-02-2017,2,7
660,4,10-02-2017,12-02-2017,11-02-2017,1,2
1162,4,11-02-2017,13-02-2017,12-02-2017,2,6
295,4,13-02-2017,15-02-2017,16-02-2017,2,6
1246,4,13-02-2017,16-02-2017,14-02-2017,2,6
173,4,13-02-2017,14-02-2017,16-02-2017,3,9
207,4,13-02-2017,14-02-2017,15-02-2017,3,8
805,4,14-02-2017,17-02-2017,15-02-2017,2,7
12,3,15-02-2017,15-02-2017,,2,6
672,4,15-02-2017,17-02-2017,18-02-2017,2,6
1312,4,15-02-2017,18-02-2017,17-02-2017,2,6
38,4,16-02-2017,17-02-2017,17-02-2017,2,7
200,4,16-02-2017,19-02-2017,18-02-2017,2,6
382,4,16-02-2017,19-02-2017,19-02-2017,2,6
625,4,16-02-2017,19-02-2017,17-02-2017,2,7
1399,4,18-02-2017,20-02-2017,21-02-2017,2,7
845,4,19-02-2017,21-02-2017,22-02-2017,2,6
864,4,19-02-2017,22-02-2017,21-02-2017,2,6
870,4,19-02-2017,22-02-2017,22-02-2017,2,7
969,4,19-02-2017,22-02-2017,20-02-2017,2,6
962,4,19-02-2017,22-02-2017,21-02-2017,3,9
1138,4,20-02-2017,21-02-2017,23-02-2017,1,3
897,4,20-02-2017,22-02-2017,21-02-2017,2,7
500,4,21-02-2017,24-02-2017,22-02-2017,2,6
910,4,25-02-2017,27-02-2017,27-02-2017,3,9
147,4,26-02-2017,27-02-2017,01-03-2017,2,7
832,4,26-02-2017,01-03-2017,27-02-2017,2,7
939,4,26-02-2017,28-02-2017,01-03-2017,3,9
20,3,27-02-2017,27-02-2017,,3,9
184,4,27-02-2017,28-02-2017,28-02-2017,2,7
694,4,27-02-2017,01-03-2017,28-02-2017,2,6
124,4,28-02-2017,01-03-2017,03-03-2017,1,2
49,4,28-02-2017,01-03-2017,02-03-2017,2,6
1113,4,28-02-2017,01-03-2017,02-03-2017,2,6
119,4,28-02-2017,01-03-2017,01-03-2017,3,8
433,4,28-02-2017,01-03-2017,01-03-2017,3,9
137,4,01-03-2017,04-03-2017,04-03-2017,2,6
166,4,01-03-2017,02-03-2017,02-03-2017,2,7
698,4,01-03-2017,03-03-2017,03-03-2017,2,7
391,4,02-03-2017,04-03-2017,05-03-2017,1,3
87,4,03-03-2017,04-03-2017,05-03-2017,1,3
1072,4,03-03-2017,05-03-2017,04-03-2017,3,8
255,4,04-03-2017,07-03-2017,05-03-2017,2,7
232,4,04-03-2017,07-03-2017,05-03-2017,3,8
731,4,05-03-2017,08-03-2017,07-03-2017,1,3
335,4,05-03-2017,06-03-2017,07-03-2017,2,6
1201,4,05-03-2017,08-03-2017,08-03-2017,2,7
646,4,06-03-2017,07-03-2017,08-03-2017,1,2
531,4,06-03-2017,07-03-2017,07-03-2017,2,6
1143,4,06-03-2017,07-03-2017,09-03-2017,2,6
1336,4,06-03-2017,08-03-2017,09-03-2017,2,7
953,4,06-03-2017,08-03-2017,07-03-2017,3,9
284,4,07-03-2017,09-03-2017,08-03-2017,2,7
1104,4,07-03-2017,10-03-2017,10-03-2017,2,6
1291,4,07-03-2017,08-03-2017,10-03-2017,2,7
572,4,08-03-2017,09-03-2017,09-03-2017,2,6
842,4,08-03-2017,10-03-2017,09-03-2017,3,9
701,4,09-03-2017,10-03-2017,12-03-2017,1,2
1152,4,09-03-2017,11-03-2017,12-03-2017,1,2
141,4,09-03-2017,11-03-2017,12-03-2017,2,6
564,4,09-03-2017,10-03-2017,11-03-2017,2,7
841,4,09-03-2017,12-03-2017,10-03-2017,2,7
946,4,09-03-2017,11-03-2017,11-03-2017,2,6
135,4,09-03-2017,11-03-2017,11-03-2017,3,9
671,4,11-03-2017,14-03-2017,12-03-2017,1,3
448,4,11-03-2017,12-03-2017,13-03-2017,2,7
1385,4,11-03-2017,12-03-2017,12-03-2017,2,6
690,4,12-03-2017,14-03-2017,14-03-2017,2,6
968,4,12-03-2017,13-03-2017,13-03-2017,2,6
490,4,13-03-2017,15-03-2017,16-03-2017,2,6
496,4,13-03-2017,16-03-2017,16-03-2017,2,6
56,3,15-03-2017,15-03-2017,,3,9
367,4,15-03-2017,16-03-2017,18-03-2017,2,6
592,4,15-03-2017,17-03-2017,17-03-2017,2,6
1018,4,15-03-2017,16-03-2017,17-03-2017,2,6
1298,4,15-03-2017,16-03-2017,18-03-2017,2,7
1343,4,16-03-2017,19-03-2017,17-03-2017,1,2
430,4,16-03-2017,19-03-2017,19-03-2017,2,7
794,4,18-03-2017,19-03-2017,20-03-2017,1,2
249,4,18-03-2017,20-03-2017,19-03-2017,2,6
700,4,18-03-2017,20-03-2017,19-03-2017,3,9
1363,4,18-03-2017,20-03-2017,20-03-2017,3,9
772,4,19-03-2017,20-03-2017,20-03-2017,2,6
1015,4,19-03-2017,21-03-2017,22-03-2017,2,7
432,4,20-03-2017,22-03-2017,23-03-2017,2,6
479,4,22-03-2017,23-03-2017,24-03-2017,2,6
653,4,23-03-2017,24-03-2017,24-03-2017,2,6
863,4,23-03-2017,25-03-2017,24-03-2017,2,7
992,4,23-03-2017,25-03-2017,26-03-2017,2,7
154,4,23-03-2017,26-03-2017,25-03-2017,3,9
374,4,24-03-2017,26-03-2017,26-03-2017,2,7
619,4,26-03-2017,28-03-2017,29-03-2017,1,3
607,4,27-03-2017,28-03-2017,29-03-2017,1,3
1057,4,27-03-2017,29-03-2017,28-03-2017,2,6
78,4,28-03-2017,29-03-2017,30-03-2017,1,2
340,4,28-03-2017,29-03-2017,30-03-2017,2,6
1105,4,28-03-2017,31-03-2017,30-03-2017,3,8
95,4,29-03-2017,31-03-2017,30-03-2017,2,6
420,4,29-03-2017,30-03-2017,01-04-2017,2,6
234,4,30-03-2017,31-03-2017,31-03-2017,2,7
1148,4,30-03-2017,01-04-2017,02-04-2017,2,6
315,4,31-03-2017,02-04-2017,02-04-2017,2,6
1222,4,31-03-2017,03-04-2017,03-04-2017,2,7
153,3,01-04-2017,01-04-2017,,3,8
524,4,01-04-2017,04-04-2017,04-04-2017,2,7
1164,4,01-04-2017,02-04-2017,03-04-2017,2,7
1203,4,01-04-2017,03-04-2017,02-04-2017,3,9
629,4,02-04-2017,05-04-2017,03-04-2017,2,7
1251,4,03-04-2017,05-04-2017,04-04-2017,1,3
811,4,03-04-2017,05-04-2017,05-04-2017,2,6
301,4,04-04-2017,05-04-2017,07-04-2017,2,7
1319,4,04-04-2017,07-04-2017,07-04-2017,2,6
221,4,04-04-2017,07-04-2017,05-04-2017,3,9
725,4,05-04-2017,08-04-2017,07-04-2017,2,7
1181,4,05-04-2017,07-04-2017,08-04-2017,2,7
294,4,06-04-2017,08-04-2017,09-04-2017,2,7
415,4,06-04-2017,07-04-2017,08-04-2017,3,8
993,4,07-04-2017,09-04-2017,10-04-2017,1,2
10,4,07-04-2017,08-04-2017,09-04-2017,2,7
45,4,07-04-2017,10-04-2017,10-04-2017,2,6
666,4,07-04-2017,10-04-2017,10-04-2017,2,7
246,4,09-04-2017,10-04-2017,12-04-2017,2,6
674,4,09-04-2017,10-04-2017,10-04-2017,2,7
431,4,11-04-2017,14-04-2017,12-04-2017,2,6
1000,4,11-04-2017,12-04-2017,12-04-2017,2,7
1215,4,11-04-2017,12-04-2017,12-04-2017,2,7
406,4,12-04-2017,14-04-2017,15-04-2017,2,7
890,4,12-04-2017,13-04-2017,15-04-2017,2,6
940,4,13-04-2017,15-04-2017,14-04-2017,1,2
455,4,13-04-2017,16-04-2017,14-04-2017,2,6
948,4,13-04-2017,16-04-2017,14-04-2017,2,7
1395,4,14-04-2017,17-04-2017,15-04-2017,2,7
1332,4,15-04-2017,18-04-2017,16-04-2017,1,3
372,4,15-04-2017,16-04-2017,16-04-2017,2,6
428,4,15-04-2017,18-04-2017,17-04-2017,2,7
1133,4,15-04-2017,18-04-2017,16-04-2017,2,6
1059,4,16-04-2017,17-04-2017,19-04-2017,2,7
1436,4,16-04-2017,17-04-2017,18-04-2017,2,6
662,4,17-04-2017,18-04-2017,18-04-2017,2,7
715,4,17-04-2017,19-04-2017,19-04-2017,2,6
329,4,18-04-2017,19-04-2017,19-04-2017,2,7
597,4,18-04-2017,20-04-2017,20-04-2017,2,7
776,4,19-04-2017,20-04-2017,21-04-2017,1,2
1346,4,19-04-2017,22-04-2017,22-04-2017,1,3
1139,4,20-04-2017,21-04-2017,22-04-2017,2,6
13,4,21-04-2017,23-04-2017,22-04-2017,3,9
883,4,21-04-2017,24-04-2017,24-04-2017,3,8
177,4,22-04-2017,25-04-2017,23-04-2017,2,6
775,4,22-04-2017,23-04-2017,25-04-2017,2,6
477,4,23-04-2017,25-04-2017,26-04-2017,2,6
1402,4,24-04-2017,25-04-2017,26-04-2017,2,7
162,4,25-04-2017,27-04-2017,28-04-2017,2,6
644,4,25-04-2017,26-04-2017,26-04-2017,2,6
473,4,27-04-2017,29-04-2017,28-04-2017,2,7
1177,4,27-04-2017,29-04-2017,30-04-2017,2,7
1230,4,27-04-2017,30-04-2017,29-04-2017,3,8
446,4,28-04-2017,30-04-2017,01-05-2017,2,7
902,4,28-04-2017,30-04-2017,29-04-2017,2,6
974,4,29-04-2017,02-05-2017,01-05-2017,2,6
1410,4,29-04-2017,30-04-2017,01-05-2017,2,6
97,4,01-05-2017,03-05-2017,02-05-2017,1,3
868,4,01-05-2017,04-05-2017,02-05-2017,1,3
844,4,01-05-2017,04-05-2017,02-05-2017,2,7
1416,4,01-05-2017,04-05-2017,02-05-2017,2,6
358,4,02-05-2017,04-05-2017,03-05-2017,2,7
394,4,03-05-2017,06-05-2017,06-05-2017,1,3
829,4,03-05-2017,05-05-2017,05-05-2017,2,7
661,4,04-05-2017,05-05-2017,06-05-2017,2,7
386,4,05-05-2017,06-05-2017,08-05-2017,1,3
1046,4,05-05-2017,08-05-2017,06-05-2017,2,7
784,4,06-05-2017,07-05-2017,08-05-2017,2,6
224,4,07-05-2017,10-05-2017,09-05-2017,1,3
214,4,08-05-2017,09-05-2017,09-05-2017,2,7
1206,4,08-05-2017,11-05-2017,10-05-2017,2,6
1024,4,08-05-2017,11-05-2017,11-05-2017,3,9
196,4,09-05-2017,12-05-2017,10-05-2017,2,6
507,4,11-05-2017,13-05-2017,14-05-2017,2,6
871,4,11-05-2017,13-05-2017,12-05-2017,2,7
66,3,13-05-2017,13-05-2017,,3,8
1396,4,13-05-2017,14-05-2017,15-05-2017,1,2
1195,4,13-05-2017,15-05-2017,15-05-2017,2,6
1038,4,14-05-2017,16-05-2017,16-05-2017,2,7
830,4,14-05-2017,17-05-2017,15-05-2017,3,8
171,4,15-05-2017,18-05-2017,18-05-2017,2,6
384,4,15-05-2017,18-05-2017,16-05-2017,2,6
651,4,15-05-2017,18-05-2017,17-05-2017,2,7
1293,4,16-05-2017,19-05-2017,19-05-2017,2,7
1320,4,16-05-2017,19-05-2017,19-05-2017,2,6
857,4,18-05-2017,21-05-2017,19-05-2017,2,6
376,4,19-05-2017,22-05-2017,21-05-2017,3,9
47,4,20-05-2017,21-05-2017,21-05-2017,1,2
352,4,20-05-2017,21-05-2017,22-05-2017,2,6
605,4,20-05-2017,21-05-2017,21-05-2017,2,7
971,4,20-05-2017,21-05-2017,22-05-2017,2,6
345,4,21-05-2017,22-05-2017,24-05-2017,2,7
1278,4,21-05-2017,24-05-2017,22-05-2017,2,6
179,4,22-05-2017,23-05-2017,24-05-2017,2,7
1020,4,23-05-2017,26-05-2017,24-05-2017,1,2
609,4,23-05-2017,26-05-2017,24-05-2017,2,6
877,4,23-05-2017,26-05-2017,26-05-2017,2,7
120,4,24-05-2017,26-05-2017,27-05-2017,1,2
402,4,25-05-2017,28-05-2017,27-05-2017,2,7
188,4,26-05-2017,27-05-2017,28-05-2017,1,2
342,4,26-05-2017,28-05-2017,28-05-2017,2,7
887,4,26-05-2017,29-05-2017,29-05-2017,2,6
519,4,27-05-2017,29-05-2017,29-05-2017,1,2
699,4,27-05-2017,29-05-2017,29-05-2017,2,6
1068,4,28-05-2017,31-05-2017,31-05-2017,1,2
215,4,28-05-2017,30-05-2017,30-05-2017,2,6
718,4,28-05-2017,29-05-2017,29-05-2017,2,6
881,4,29-05-2017,31-05-2017,01-06-2017,1,2
242,4,30-05-2017,31-05-2017,31-05-2017,1,3
781,4,30-05-2017,31-05-2017,31-05-2017,2,7
966,4,30-05-2017,01-06-2017,02-06-2017,2,7
628,4,31-05-2017,02-06-2017,02-06-2017,2,6
656,4,31-05-2017,01-06-2017,03-06-2017,2,6
769,4,31-05-2017,03-06-2017,02-06-2017,2,7
68,3,02-06-2017,02-06-2017,,3,8
1316,4,02-06-2017,05-06-2017,03-06-2017,2,7
233,4,03-06-2017,05-06-2017,06-06-2017,1,2
1438,4,03-06-2017,05-06-2017,06-06-2017,1,2
957,4,05-06-2017,06-06-2017,06-06-2017,1,3
472,4,05-06-2017,06-06-2017,08-06-2017,2,6
1224,4,05-06-2017,06-06-2017,06-06-2017,3,9
631,4,07-06-2017,08-06-2017,08-06-2017,2,6
804,4,07-06-2017,08-06-2017,09-06-2017,2,6
909,4,07-06-2017,10-06-2017,08-06-2017,2,6
93,4,09-06-2017,10-06-2017,12-06-2017,2,7
43,3,10-06-2017,10-06-2017,,3,8
265,4,10-06-2017,13-06-2017,12-06-2017,2,6
73,4,11-06-2017,14-06-2017,13-06-2017,2,7
129,4,11-06-2017,12-06-2017,12-06-2017,2,6
1407,4,11-06-2017,12-06-2017,14-06-2017,2,6
585,4,12-06-2017,14-06-2017,13-06-2017,1,2
736,4,12-06-2017,14-06-2017,14-06-2017,1,2
537,4,13-06-2017,16-06-2017,15-06-2017,2,6
1025,4,13-06-2017,15-06-2017,15-06-2017,2,6
138,4,14-06-2017,15-06-2017,17-06-2017,1,3
167,4,14-06-2017,15-06-2017,16-06-2017,2,7
525,4,14-06-2017,16-06-2017,15-06-2017,2,6
278,4,15-06-2017,18-06-2017,17-06-2017,1,3
618,4,15-06-2017,17-06-2017,17-06-2017,2,6
867,4,16-06-2017,18-06-2017,17-06-2017,1,3
142,4,16-06-2017,19-06-2017,18-06-2017,2,6
339,4,16-06-2017,19-06-2017,19-06-2017,2,7
355,4,16-06-2017,18-06-2017,18-06-2017,2,7
658,4,16-06-2017,18-06-2017,17-06-2017,2,7
611,4,17-06-2017,20-06-2017,20-06-2017,2,6
880,4,17-06-2017,19-06-2017,18-06-2017,2,6
1184,4,17-06-2017,19-06-2017,20-06-2017,2,6
722,4,17-06-2017,20-06-2017,20-06-2017,3,9
1276,4,18-06-2017,20-06-2017,19-06-2017,1,2
650,4,18-06-2017,21-06-2017,21-06-2017,2,7
1390,4,18-06-2017,19-06-2017,19-06-2017,2,7
82,4,19-06-2017,21-06-2017,22-06-2017,1,2
570,4,19-06-2017,22-06-2017,20-06-2017,2,7
1432,4,19-06-2017,21-06-2017,21-06-2017,2,6
404,4,20-06-2017,22-06-2017,22-06-2017,2,7
457,4,20-06-2017,22-06-2017,23-06-2017,2,6
389,4,20-06-2017,22-06-2017,22-06-2017,3,8
1323,4,21-06-2017,24-06-2017,24-06-2017,2,6
1403,4,21-06-2017,23-06-2017,23-06-2017,2,6
248,4,21-06-2017,24-06-2017,22-06-2017,3,9
836,4,22-06-2017,25-06-2017,23-06-2017,2,7
1426,4,22-06-2017,23-06-2017,24-06-2017,3,8
270,4,23-06-2017,24-06-2017,25-06-2017,2,7
238,4,24-06-2017,27-06-2017,27-06-2017,2,6
511,4,24-06-2017,27-06-2017,27-06-2017,3,8
1092,4,25-06-2017,27-06-2017,28-06-2017,2,6
1266,4,25-06-2017,28-06-2017,27-06-2017,3,9
400,4,26-06-2017,28-06-2017,27-06-2017,2,7
1123,4,26-06-2017,28-06-2017,27-06-2017,2,6
1190,4,26-06-2017,29-06-2017,27-06-2017,2,6
328,4,26-06-2017,28-06-2017,27-06-2017,3,9
687,4,26-06-2017,29-06-2017,28-06-2017,3,8
1423,4,26-06-2017,29-06-2017,28-06-2017,3,9
1158,4,27-06-2017,28-06-2017,29-06-2017,2,6
1287,4,27-06-2017,28-06-2017,29-06-2017,2,7
461,4,30-06-2017,02-07-2017,01-07-2017,2,6
556,4,30-06-2017,03-07-2017,01-07-2017,2,7
172,4,02-07-2017,04-07-2017,04-07-2017,1,2
436,4,02-07-2017,04-07-2017,05-07-2017,2,6
1145,4,02-07-2017,04-07-2017,03-07-2017,2,6
706,4,04-07-2017,07-07-2017,07-07-2017,2,7
751,4,06-07-2017,07-07-2017,09-07-2017,1,2
723,4,07-07-2017,10-07-2017,09-07-2017,2,7
1415,4,09-07-2017,11-07-2017,11-07-2017,1,3
419,4,09-07-2017,11-07-2017,11-07-2017,2,7
621,4,11-07-2017,13-07-2017,14-07-2017,1,2
915,4,11-07-2017,12-07-2017,12-07-2017,1,2
485,4,11-07-2017,13-07-2017,14-07-2017,2,7
219,4,12-07-2017,13-07-2017,14-07-2017,2,7
590,4,12-07-2017,13-07-2017,14-07-2017,2,6
645,4,12-07-2017,14-07-2017,15-07-2017,2,7
354,4,13-07-2017,16-07-2017,15-07-2017,2,6
1418,4,14-07-2017,16-07-2017,16-07-2017,1,3
503,4,14-07-2017,16-07-2017,16-07-2017,2,7
1389,4,14-07-2017,17-07-2017,16-07-2017,2,6
266,4,15-07-2017,17-07-2017,16-07-2017,2,7
1070,4,15-07-2017,18-07-2017,17-07-2017,2,7
1115,4,16-07-2017,17-07-2017,17-07-2017,2,6
1345,4,16-07-2017,18-07-2017,18-07-2017,2,6
1064,4,16-07-2017,19-07-2017,19-07-2017,3,8
8,3,18-07-2017,18-07-2017,,2,7
495,4,18-07-2017,21-07-2017,21-07-2017,1,3
620,4,18-07-2017,20-07-2017,20-07-2017,2,7
174,4,19-07-2017,22-07-2017,21-07-2017,2,6
748,4,19-07-2017,21-07-2017,21-07-2017,2,6
799,4,19-07-2017,22-07-2017,21-07-2017,2,7
1417,4,19-07-2017,20-07-2017,21-07-2017,3,9
168,4,20-07-2017,21-07-2017,23-07-2017,2,6
290,4,22-07-2017,23-07-2017,23-07-2017,2,6
408,4,22-07-2017,23-07-2017,24-07-2017,2,7
16,3,23-07-2017,23-07-2017,,2,6
125,4,23-07-2017,24-07-2017,26-07-2017,2,6
353,4,23-07-2017,26-07-2017,24-07-2017,2,7
356,4,23-07-2017,26-07-2017,25-07-2017,2,6
837,4,23-07-2017,25-07-2017,26-07-2017,2,7
1304,4,23-07-2017,26-07-2017,26-07-2017,2,6
1370,4,26-07-2017,28-07-2017,29-07-2017,1,2
588,4,26-07-2017,28-07-2017,28-07-2017,2,6
1273,4,27-07-2017,28-07-2017,30-07-2017,2,7
407,4,29-07-2017,30-07-2017,01-08-2017,1,3
161,4,29-07-2017,30-07-2017,31-07-2017,2,6
1308,4,30-07-2017,01-08-2017,02-08-2017,1,2
429,4,30-07-2017,02-08-2017,01-08-2017,2,6
582,4,30-07-2017,31-07-2017,02-08-2017,2,7
895,4,30-07-2017,31-07-2017,31-07-2017,2,7
1283,4,30-07-2017,02-08-2017,02-08-2017,2,6
1442,4,30-07-2017,01-08-2017,31-07-2017,2,6
1229,4,31-07-2017,02-08-2017,03-08-2017,2,6
1281,4,31-07-2017,01-08-2017,03-08-2017,2,7
1077,4,02-08-2017,04-08-2017,03-08-2017,2,7
1225,4,04-08-2017,07-08-2017,05-08-2017,1,2
70,4,04-08-2017,06-08-2017,05-08-2017,2,7
539,4,06-08-2017,07-08-2017,07-08-2017,2,7
1235,4,06-08-2017,09-08-2017,08-08-2017,2,6
1270,4,07-08-2017,10-08-2017,08-08-2017,2,7
185,4,07-08-2017,09-08-2017,10-08-2017,3,9
1134,4,07-08-2017,09-08-2017,08-08-2017,3,8
116,3,08-08-2017,08-08-2017,,3,8
777,4,08-08-2017,10-08-2017,09-08-2017,2,7
194,4,09-08-2017,11-08-2017,10-08-2017,1,2
239,4,09-08-2017,12-08-2017,12-08-2017,1,3
209,4,10-08-2017,11-08-2017,11-08-2017,2,7
460,4,10-08-2017,12-08-2017,13-08-2017,2,6
1439,4,10-08-2017,11-08-2017,12-08-2017,2,6
189,4,11-08-2017,12-08-2017,12-08-2017,2,7
140,4,12-08-2017,15-08-2017,15-08-2017,2,6
325,4,12-08-2017,15-08-2017,13-08-2017,2,7
456,4,12-08-2017,15-08-2017,13-08-2017,2,7
782,4,13-08-2017,16-08-2017,14-08-2017,2,6
6,4,14-08-2017,17-08-2017,17-08-2017,2,7
182,4,15-08-2017,18-08-2017,17-08-2017,2,6
655,4,15-08-2017,18-08-2017,18-08-2017,2,7
1210,4,15-08-2017,17-08-2017,18-08-2017,2,6
198,4,16-08-2017,19-08-2017,19-08-2017,3,8
898,4,16-08-2017,18-08-2017,19-08-2017,3,9
25,4,17-08-2017,19-08-2017,19-08-2017,2,7
106,4,17-08-2017,20-08-2017,19-08-2017,2,7
225,4,17-08-2017,19-08-2017,19-08-2017,2,7
453,4,17-08-2017,20-08-2017,19-08-2017,2,7
493,4,17-08-2017,19-08-2017,18-08-2017,2,6
596,4,17-08-2017,20-08-2017,18-08-2017,2,7
602,4,17-08-2017,20-08-2017,18-08-2017,3,8
47,3,18-08-2017,18-08-2017,,1,3
911,4,18-08-2017,19-08-2017,21-08-2017,2,7
11,3,19-08-2017,19-08-2017,,2,6
1003,4,19-08-2017,21-08-2017,22-08-2017,1,3
42,4,19-08-2017,22-08-2017,22-08-2017,2,6
412,4,19-08-2017,20-08-2017,21-08-2017,2,6
793,4,19-08-2017,21-08-2017,20-08-2017,2,6
812,4,19-08-2017,20-08-2017,20-08-2017,2,7
1086,4,19-08-2017,20-08-2017,20-08-2017,2,7
1106,4,19-08-2017,22-08-2017,22-08-2017,2,6
1327,4,20-08-2017,22-08-2017,21-08-2017,2,6
1372,4,20-08-2017,23-08-2017,23-08-2017,2,6
2,4,21-08-2017,24-08-2017,23-08-2017,1,2
305,4,21-08-2017,23-08-2017,23-08-2017,1,3
220,4,21-08-2017,23-08-2017,24-08-2017,2,7
675,4,22-08-2017,23-08-2017,25-08-2017,3,8
1160,4,22-08-2017,23-08-2017,23-08-2017,3,8
46,3,23-08-2017,23-08-2017,,1,2
1427,4,24-08-2017,26-08-2017,26-08-2017,1,2
1260,4,24-08-2017,25-08-2017,25-08-2017,2,7
40,4,25-08-2017,28-08-2017,27-08-2017,1,2
326,4,25-08-2017,28-08-2017,26-08-2017,1,3
828,4,25-08-2017,27-08-2017,28-08-2017,2,6
1382,4,26-08-2017,28-08-2017,27-08-2017,3,9
589,4,27-08-2017,29-08-2017,29-08-2017,1,2
1311,4,27-08-2017,30-08-2017,28-08-2017,2,6
752,4,28-08-2017,30-08-2017,30-08-2017,1,2
1128,4,28-08-2017,29-08-2017,30-08-2017,2,6
1392,4,28-08-2017,29-08-2017,29-08-2017,2,7
379,4,29-08-2017,30-08-2017,30-08-2017,2,7
1317,4,29-08-2017,31-08-2017,31-08-2017,2,6
1394,4,31-08-2017,02-09-2017,02-09-2017,2,7
268,4,01-09-2017,04-09-2017,03-09-2017,2,6
747,4,01-09-2017,04-09-2017,03-09-2017,3,8
1009,4,02-09-2017,04-09-2017,04-09-2017,2,6
1424,4,02-09-2017,05-09-2017,05-09-2017,2,7
735,4,03-09-2017,05-09-2017,04-09-2017,1,3
23,4,03-09-2017,04-09-2017,04-09-2017,2,6
912,4,04-09-2017,07-09-2017,07-09-2017,2,6
930,4,04-09-2017,06-09-2017,05-09-2017,2,6
798,4,05-09-2017,08-09-2017,07-09-2017,2,7
388,4,06-09-2017,08-09-2017,07-09-2017,2,7
1036,4,06-09-2017,08-09-2017,08-09-2017,2,6
1100,4,07-09-2017,09-09-2017,09-09-2017,2,6
52,4,08-09-2017,10-09-2017,10-09-2017,2,7
334,4,08-09-2017,10-09-2017,10-09-2017,2,6
1023,4,08-09-2017,11-09-2017,11-09-2017,2,6
749,4,10-09-2017,12-09-2017,13-09-2017,1,2
1269,4,10-09-2017,12-09-2017,13-09-2017,2,7
143,4,11-09-2017,13-09-2017,12-09-2017,2,7
1132,4,12-09-2017,14-09-2017,14-09-2017,2,6
598,4,13-09-2017,14-09-2017,14-09-2017,2,7
275,4,13-09-2017,14-09-2017,16-09-2017,3,9
945,4,14-09-2017,15-09-2017,15-09-2017,2,7
1213,4,14-09-2017,16-09-2017,15-09-2017,3,8
494,4,15-09-2017,16-09-2017,16-09-2017,2,7
936,4,15-09-2017,17-09-2017,16-09-2017,2,6
663,4,17-09-2017,18-09-2017,20-09-2017,2,6
69,4,18-09-2017,20-09-2017,20-09-2017,1,3
1178,4,18-09-2017,20-09-2017,19-09-2017,1,3
351,4,19-09-2017,20-09-2017,20-09-2017,2,6
517,4,19-09-2017,21-09-2017,21-09-2017,2,7
978,4,19-09-2017,22-09-2017,20-09-2017,2,6
1347,4,19-09-2017,21-09-2017,20-09-2017,2,6
1050,4,20-09-2017,21-09-2017,21-09-2017,2,6
810,4,20-09-2017,23-09-2017,23-09-2017,3,8
254,4,21-09-2017,23-09-2017,22-09-2017,1,2
1006,4,21-09-2017,22-09-2017,23-09-2017,1,2
1063,4,21-09-2017,22-09-2017,22-09-2017,3,8
1076,4,22-09-2017,23-09-2017,24-09-2017,1,2
554,4,23-09-2017,26-09-2017,26-09-2017,1,3
1087,4,24-09-2017,26-09-2017,27-09-2017,1,2
1414,4,24-09-2017,27-09-2017,27-09-2017,2,7
617,4,25-09-2017,27-09-2017,26-09-2017,2,6
757,4,25-09-2017,26-09-2017,28-09-2017,2,7
1344,4,25-09-2017,26-09-2017,27-09-2017,2,6
1379,4,25-09-2017,26-09-2017,27-09-2017,2,7
787,4,27-09-2017,30-09-2017,30-09-2017,2,7
1183,4,28-09-2017,01-10-2017,30-09-2017,2,7
708,4,29-09-2017,30-09-2017,30-09-2017,1,3
1244,4,29-09-2017,02-10-2017,01-10-2017,2,6
720,4,30-09-2017,03-10-2017,03-10-2017,2,7
789,4,30-09-2017,03-10-2017,03-10-2017,2,7
865,4,30-09-2017,01-10-2017,01-10-2017,2,7
869,4,30-09-2017,03-10-2017,03-10-2017,2,7
24,4,01-10-2017,03-10-2017,04-10-2017,1,3
889,4,01-10-2017,03-10-2017,02-10-2017,1,2
1221,4,01-10-2017,02-10-2017,03-10-2017,1,3
1262,4,01-10-2017,02-10-2017,04-10-2017,1,2
41,4,01-10-2017,04-10-2017,02-10-2017,2,7
888,4,01-10-2017,03-10-2017,03-10-2017,2,6
934,4,01-10-2017,02-10-2017,02-10-2017,2,6
1067,4,01-10-2017,02-10-2017,03-10-2017,2,6
652,4,02-10-2017,03-10-2017,05-10-2017,2,7
286,4,03-10-2017,04-10-2017,04-10-2017,2,7
900,4,04-10-2017,07-10-2017,06-10-2017,1,2
1031,4,04-10-2017,05-10-2017,06-10-2017,2,6
1421,4,04-10-2017,06-10-2017,07-10-2017,2,7
534,4,05-10-2017,07-10-2017,06-10-2017,2,6
826,4,05-10-2017,06-10-2017,08-10-2017,2,6
1339,4,07-10-2017,10-10-2017,09-10-2017,2,7
548,4,08-10-2017,10-10-2017,09-10-2017,2,7
1109,4,08-10-2017,10-10-2017,11-10-2017,2,6
292,4,09-10-2017,11-10-2017,12-10-2017,2,6
1111,4,10-10-2017,13-10-2017,11-10-2017,3,9
21,3,12-10-2017,12-10-2017,,3,9
771,4,12-10-2017,15-10-2017,13-10-2017,2,6
1150,4,12-10-2017,15-10-2017,15-10-2017,3,9
1065,4,13-10-2017,16-10-2017,16-10-2017,1,3
1022,4,13-10-2017,16-10-2017,15-10-2017,2,7
1422,4,13-10-2017,14-10-2017,16-10-2017,2,7
216,4,14-10-2017,17-10-2017,17-10-2017,2,6
369,4,14-10-2017,15-10-2017,16-10-2017,2,6
960,4,14-10-2017,16-10-2017,17-10-2017,2,6
1120,4,14-10-2017,16-10-2017,15-10-2017,2,6
486,4,15-10-2017,18-10-2017,16-10-2017,2,6
647,4,15-10-2017,18-10-2017,17-10-2017,2,7
1090,4,15-10-2017,17-10-2017,18-10-2017,2,6
34,4,16-10-2017,19-10-2017,17-10-2017,2,6
186,4,17-10-2017,18-10-2017,18-10-2017,2,6
1114,4,17-10-2017,19-10-2017,18-10-2017,2,6
1412,4,17-10-2017,19-10-2017,19-10-2017,2,7
192,4,19-10-2017,22-10-2017,22-10-2017,1,2
229,4,19-10-2017,21-10-2017,21-10-2017,2,7
508,4,19-10-2017,21-10-2017,20-10-2017,2,6
269,4,21-10-2017,23-10-2017,23-10-2017,2,6
1289,4,22-10-2017,24-10-2017,24-10-2017,2,7
318,4,23-10-2017,24-10-2017,26-10-2017,1,2
48,4,23-10-2017,25-10-2017,26-10-2017,2,6
201,4,23-10-2017,24-10-2017,24-10-2017,2,6
593,4,24-10-2017,25-10-2017,25-10-2017,2,6
1191,4,25-10-2017,27-10-2017,26-10-2017,2,7
1277,4,25-10-2017,28-10-2017,28-10-2017,2,6
1091,4,26-10-2017,28-10-2017,28-10-2017,1,2
222,4,26-10-2017,29-10-2017,29-10-2017,2,6
1002,4,26-10-2017,28-10-2017,27-10-2017,2,6
1226,4,26-10-2017,28-10-2017,27-10-2017,2,7
1342,4,26-10-2017,27-10-2017,29-10-2017,2,7
730,4,26-10-2017,27-10-2017,29-10-2017,3,8
19,4,27-10-2017,28-10-2017,29-10-2017,2,7
213,4,27-10-2017,30-10-2017,29-10-2017,2,6
669,4,27-10-2017,29-10-2017,29-10-2017,3,9
783,4,28-10-2017,29-10-2017,29-10-2017,2,6
807,4,28-10-2017,31-10-2017,30-10-2017,2,7
886,4,28-10-2017,30-10-2017,29-10-2017,2,7
1155,4,28-10-2017,31-10-2017,30-10-2017,2,7
1017,4,30-10-2017,01-11-2017,31-10-2017,1,2
840,4,30-10-2017,02-11-2017,02-11-2017,2,7
803,4,31-10-2017,03-11-2017,03-11-2017,2,6
1290,4,31-10-2017,02-11-2017,01-11-2017,2,7
482,4,01-11-2017,04-11-2017,03-11-2017,3,9
1207,4,02-11-2017,03-11-2017,03-11-2017,2,6
544,4,03-11-2017,04-11-2017,04-11-2017,2,6
768,4,04-11-2017,05-11-2017,07-11-2017,1,2
226,4,04-11-2017,07-11-2017,06-11-2017,2,7
702,4,04-11-2017,07-11-2017,06-11-2017,2,6
1041,4,04-11-2017,06-11-2017,06-11-2017,2,6
89,4,05-11-2017,08-11-2017,06-11-2017,1,3
1107,4,05-11-2017,06-11-2017,07-11-2017,2,6
1180,4,05-11-2017,07-11-2017,06-11-2017,2,6
665,4,06-11-2017,07-11-2017,09-11-2017,1,3
462,4,06-11-2017,07-11-2017,08-11-2017,2,6
19,3,07-11-2017,07-11-2017,,2,6
210,4,07-11-2017,08-11-2017,09-11-2017,2,6
243,4,08-11-2017,11-11-2017,09-11-2017,2,7
571,4,09-11-2017,12-11-2017,11-11-2017,1,2
998,4,09-11-2017,10-11-2017,11-11-2017,2,6
1197,4,09-11-2017,10-11-2017,11-11-2017,2,7
903,4,10-11-2017,11-11-2017,11-11-2017,2,7
1170,4,10-11-2017,12-11-2017,11-11-2017,2,7
303,4,11-11-2017,12-11-2017,12-11-2017,2,6
346,4,11-11-2017,13-11-2017,14-11-2017,2,6
333,4,12-11-2017,14-11-2017,13-11-2017,2,6
1166,4,13-11-2017,16-11-2017,14-11-2017,2,7
1329,4,13-11-2017,16-11-2017,16-11-2017,2,7
426,4,16-11-2017,18-11-2017,17-11-2017,1,2
1367,4,16-11-2017,17-11-2017,18-11-2017,1,3
545,4,17-11-2017,18-11-2017,20-11-2017,2,6
1188,4,17-11-2017,19-11-2017,18-11-2017,2,6
289,4,17-11-2017,19-11-2017,19-11-2017,3,9
110,4,18-11-2017,20-11-2017,21-11-2017,1,3
44,4,18-11-2017,21-11-2017,21-11-2017,2,6
1098,4,18-11-2017,19-11-2017,19-11-2017,2,7
375,4,19-11-2017,20-11-2017,21-11-2017,2,6
458,4,19-11-2017,20-11-2017,22-11-2017,2,6
1136,4,19-11-2017,22-11-2017,20-11-2017,2,7
1099,4,20-11-2017,21-11-2017,22-11-2017,2,7
4,3,21-11-2017,21-11-2017,,2,7
1117,4,22-11-2017,23-11-2017,24-11-2017,2,6
435,4,23-11-2017,25-11-2017,24-11-2017,2,7
509,4,23-11-2017,26-11-2017,26-11-2017,2,6
1408,4,23-11-2017,26-11-2017,26-11-2017,2,6
113,4,24-11-2017,27-11-2017,25-11-2017,2,6
950,4,24-11-2017,27-11-2017,27-11-2017,2,7
387,4,25-11-2017,28-11-2017,27-11-2017,2,6
467,4,25-11-2017,26-11-2017,26-11-2017,2,6
774,4,26-11-2017,28-11-2017,29-11-2017,1,3
1236,4,26-11-2017,29-11-2017,29-11-2017,2,6
1388,4,26-11-2017,29-11-2017,29-11-2017,2,6
734,4,27-11-2017,30-11-2017,30-11-2017,2,6
935,4,27-11-2017,29-11-2017,30-11-2017,2,6
1268,4,27-11-2017,29-11-2017,29-11-2017,2,6
1364,4,28-11-2017,29-11-2017,01-12-2017,2,7
165,4,29-11-2017,01-12-2017,30-11-2017,1,2
893,4,30-11-2017,03-12-2017,02-12-2017,2,6
227,4,01-12-2017,04-12-2017,02-12-2017,2,6
980,4,01-12-2017,02-12-2017,04-12-2017,2,7
1014,4,01-12-2017,04-12-2017,03-12-2017,2,6
123,4,01-12-2017,03-12-2017,03-12-2017,3,9
1060,4,02-12-2017,05-12-2017,05-12-2017,2,6
320,4,03-12-2017,05-12-2017,05-12-2017,2,6
85,4,04-12-2017,07-12-2017,07-12-2017,2,7
128,4,04-12-2017,06-12-2017,07-12-2017,2,7
262,4,04-12-2017,07-12-2017,07-12-2017,2,7
1033,4,04-12-2017,07-12-2017,06-12-2017,2,7
279,4,07-12-2017,10-12-2017,09-12-2017,1,3
778,4,07-12-2017,10-12-2017,09-12-2017,3,9
1292,4,08-12-2017,11-12-2017,10-12-2017,1,3
967,4,08-12-2017,10-12-2017,10-12-2017,2,6
1284,4,09-12-2017,11-12-2017,12-12-2017,2,6
285,4,10-12-2017,13-12-2017,11-12-2017,2,6
1401,4,10-12-2017,12-12-2017,11-12-2017,2,7
947,4,11-12-2017,13-12-2017,14-12-2017,1,2
37,4,11-12-2017,12-12-2017,14-12-2017,2,7
231,4,14-12-2017,17-12-2017,15-12-2017,1,3
108,4,14-12-2017,17-12-2017,16-12-2017,2,6
533,4,14-12-2017,17-12-2017,16-12-2017,3,9
1216,4,15-12-2017,18-12-2017,16-12-2017,1,2
824,4,15-12-2017,17-12-2017,17-12-2017,2,6
1088,4,16-12-2017,19-12-2017,19-12-2017,1,3
322,4,16-12-2017,18-12-2017,19-12-2017,2,7
878,4,16-12-2017,19-12-2017,18-12-2017,2,7
1409,4,16-12-2017,17-12-2017,17-12-2017,2,6
257,4,17-12-2017,19-12-2017,18-12-2017,2,7
28,4,20-12-2017,21-12-2017,22-12-2017,2,6
1384,4,22-12-2017,23-12-2017,25-12-2017,1,2
713,4,22-12-2017,24-12-2017,24-12-2017,2,7
821,4,22-12-2017,25-12-2017,24-12-2017,2,6
444,4,24-12-2017,25-12-2017,26-12-2017,1,3
1021,4,24-12-2017,26-12-2017,27-12-2017,2,6
311,4,25-12-2017,28-12-2017,26-12-2017,1,3
1294,4,25-12-2017,27-12-2017,27-12-2017,1,3
1027,4,25-12-2017,26-12-2017,28-12-2017,2,7
931,4,25-12-2017,27-12-2017,28-12-2017,3,9
846,4,26-12-2017,29-12-2017,27-12-2017,1,3
418,4,27-12-2017,28-12-2017,29-12-2017,1,3
75,4,27-12-2017,30-12-2017,29-12-2017,2,6
604,4,27-12-2017,30-12-2017,30-12-2017,2,6
244,4,28-12-2017,30-12-2017,29-12-2017,1,3
217,4,30-12-2017,31-12-2017,31-12-2017,1,3
39,4,31-12-2017,03-01-2018,02-01-2018,2,7
273,4,31-12-2017,01-01-2018,01-01-2018,2,6
862,4,01-01-2018,04-01-2018,03-01-2018,2,6
68,4,01-01-2018,02-01-2018,03-01-2018,3,8
567,4,01-01-2018,03-01-2018,02-01-2018,3,9
1026,4,02-01-2018,03-01-2018,05-01-2018,2,6
1083,4,02-01-2018,03-01-2018,03-01-2018,2,6
443,4,04-01-2018,05-01-2018,06-01-2018,1,3
761,4,04-01-2018,05-01-2018,07-01-2018,2,7
1122,4,05-01-2018,06-01-2018,08-01-2018,2,6
256,4,06-01-2018,07-01-2018,09-01-2018,2,7
203,4,06-01-2018,07-01-2018,07-01-2018,3,8
425,4,07-01-2018,09-01-2018,10-01-2018,2,6
955,4,07-01-2018,08-01-2018,08-01-2018,2,7
904,4,09-01-2018,10-01-2018,12-01-2018,1,2
970,4,09-01-2018,12-01-2018,12-01-2018,2,7
905,4,10-01-2018,11-01-2018,13-01-2018,2,6
580,4,11-01-2018,14-01-2018,13-01-2018,1,3
1066,4,12-01-2018,13-01-2018,13-01-2018,1,3
1258,4,12-01-2018,13-01-2018,14-01-2018,2,7
1393,4,12-01-2018,13-01-2018,15-01-2018,2,7
594,4,13-01-2018,15-01-2018,14-01-2018,2,6
916,4,13-01-2018,16-01-2018,15-01-2018,2,6
1037,4,14-01-2018,15-01-2018,15-01-2018,2,6
136,4,14-01-2018,15-01-2018,15-01-2018,3,8
247,4,15-01-2018,18-01-2018,18-01-2018,1,2
1214,4,15-01-2018,17-01-2018,17-01-2018,1,2
464,4,15-01-2018,17-01-2018,16-01-2018,2,6
637,4,15-01-2018,18-01-2018,17-01-2018,2,7
1016,4,16-01-2018,19-01-2018,19-01-2018,2,7
1433,4,16-01-2018,18-01-2018,18-01-2018,2,6
502,4,17-01-2018,19-01-2018,18-01-2018,2,6
476,4,19-01-2018,20-01-2018,21-01-2018,1,3
1010,4,19-01-2018,21-01-2018,20-01-2018,2,7
1161,4,19-01-2018,21-01-2018,22-01-2018,2,6
440,4,20-01-2018,23-01-2018,21-01-2018,2,6
253,4,21-01-2018,23-01-2018,24-01-2018,1,2
1008,4,21-01-2018,22-01-2018,22-01-2018,3,9
71,4,22-01-2018,25-01-2018,24-01-2018,2,6
1084,4,22-01-2018,24-01-2018,23-01-2018,2,7
310,4,23-01-2018,24-01-2018,25-01-2018,2,6
860,4,24-01-2018,25-01-2018,25-01-2018,2,6
122,4,25-01-2018,28-01-2018,28-01-2018,2,6
689,4,25-01-2018,28-01-2018,27-01-2018,2,7
1441,4,26-01-2018,27-01-2018,28-01-2018,2,6
1118,4,27-01-2018,28-01-2018,28-01-2018,1,3
765,4,27-01-2018,28-01-2018,29-01-2018,2,6
92,4,28-01-2018,30-01-2018,30-01-2018,2,6
115,4,28-01-2018,29-01-2018,29-01-2018,2,7
937,4,29-01-2018,30-01-2018,01-02-2018,2,7
1013,4,29-01-2018,01-02-2018,30-01-2018,2,6
427,4,29-01-2018,31-01-2018,31-01-2018,3,9
1330,4,30-01-2018,01-02-2018,01-02-2018,1,3
312,4,30-01-2018,01-02-2018,01-02-2018,3,8
1186,4,01-02-2018,02-02-2018,03-02-2018,1,2
1007,4,01-02-2018,03-02-2018,03-02-2018,2,7
983,4,02-02-2018,05-02-2018,04-02-2018,1,2
1256,4,02-02-2018,05-02-2018,05-02-2018,2,6
818,4,05-02-2018,08-02-2018,08-02-2018,1,3
680,4,05-02-2018,06-02-2018,08-02-2018,2,7
1303,4,06-02-2018,09-02-2018,08-02-2018,2,6
488,4,07-02-2018,08-02-2018,08-02-2018,1,3
1126,4,08-02-2018,10-02-2018,09-02-2018,2,7
866,4,08-02-2018,11-02-2018,09-02-2018,3,9
1254,4,09-02-2018,10-02-2018,11-02-2018,1,2
11,4,09-02-2018,11-02-2018,11-02-2018,2,7
323,4,09-02-2018,12-02-2018,12-02-2018,2,7
491,4,11-02-2018,12-02-2018,14-02-2018,2,7
63,4,12-02-2018,13-02-2018,13-02-2018,2,7
914,4,13-02-2018,14-02-2018,14-02-2018,2,7
1187,4,13-02-2018,14-02-2018,14-02-2018,2,6
547,4,14-02-2018,15-02-2018,15-02-2018,2,7
906,4,14-02-2018,16-02-2018,16-02-2018,3,8
1052,4,15-02-2018,18-02-2018,16-02-2018,1,3
856,4,15-02-2018,18-02-2018,16-02-2018,2,7
920,4,15-02-2018,17-02-2018,16-02-2018,2,6
1383,4,16-02-2018,19-02-2018,19-02-2018,1,3
146,4,16-02-2018,18-02-2018,18-02-2018,2,6
987,4,17-02-2018,18-02-2018,18-02-2018,2,6
15,4,18-02-2018,19-02-2018,20-02-2018,2,7
1171,4,19-02-2018,21-02-2018,21-02-2018,2,6
452,4,21-02-2018,22-02-2018,22-02-2018,2,7
1240,4,23-02-2018,26-02-2018,24-02-2018,1,3
100,4,25-02-2018,28-02-2018,27-02-2018,2,6
1053,4,25-02-2018,27-02-2018,27-02-2018,2,7
18,3,26-02-2018,26-02-2018,,2,6
1172,4,26-02-2018,27-02-2018,01-03-2018,2,6
21,4,26-02-2018,28-02-2018,28-02-2018,3,8
1005,4,27-02-2018,28-02-2018,28-02-2018,2,7
109,4,01-03-2018,02-03-2018,02-03-2018,1,2
1043,4,01-03-2018,02-03-2018,04-03-2018,2,7
56,4,01-03-2018,03-03-2018,04-03-2018,3,8
293,4,03-03-2018,05-03-2018,06-03-2018,2,7
839,4,03-03-2018,04-03-2018,05-03-2018,2,7
566,4,03-03-2018,04-03-2018,06-03-2018,3,8
300,4,04-03-2018,06-03-2018,07-03-2018,1,2
364,4,04-03-2018,05-03-2018,07-03-2018,2,6
474,4,04-03-2018,07-03-2018,07-03-2018,2,6
838,4,04-03-2018,05-03-2018,07-03-2018,2,7
1176,4,05-03-2018,07-03-2018,07-03-2018,2,7
599,4,05-03-2018,06-03-2018,08-03-2018,3,8
1231,4,06-03-2018,07-03-2018,07-03-2018,1,2
1445,4,07-03-2018,10-03-2018,10-03-2018,1,2
126,4,07-03-2018,09-03-2018,09-03-2018,2,6
938,4,07-03-2018,08-03-2018,10-03-2018,2,6
999,4,07-03-2018,08-03-2018,08-03-2018,2,6
195,4,08-03-2018,10-03-2018,11-03-2018,2,7
1116,4,08-03-2018,09-03-2018,09-03-2018,2,6
1239,4,10-03-2018,13-03-2018,11-03-2018,2,7
308,4,11-03-2018,12-03-2018,14-03-2018,2,6
483,4,11-03-2018,12-03-2018,14-03-2018,2,6
1142,4,11-03-2018,13-03-2018,12-03-2018,2,7
595,4,14-03-2018,16-03-2018,16-03-2018,2,6
744,4,14-03-2018,15-03-2018,16-03-2018,2,6
1044,4,14-03-2018,17-03-2018,16-03-2018,2,6
518,4,15-03-2018,16-03-2018,16-03-2018,1,2
263,4,15-03-2018,17-03-2018,16-03-2018,2,6
463,4,15-03-2018,16-03-2018,17-03-2018,2,7
859,4,15-03-2018,18-03-2018,16-03-2018,3,8
982,4,15-03-2018,16-03-2018,18-03-2018,3,8
478,4,16-03-2018,17-03-2018,17-03-2018,2,7
972,4,16-03-2018,17-03-2018,17-03-2018,2,7
1154,4,16-03-2018,17-03-2018,19-03-2018,2,6
515,4,17-03-2018,18-03-2018,20-03-2018,2,7
820,4,17-03-2018,18-03-2018,18-03-2018,2,6
1419,4,18-03-2018,20-03-2018,20-03-2018,1,3
228,4,18-03-2018,19-03-2018,21-03-2018,2,6
330,4,18-03-2018,19-03-2018,20-03-2018,2,7
296,4,19-03-2018,20-03-2018,22-03-2018,2,7
822,4,19-03-2018,22-03-2018,20-03-2018,2,6
287,4,20-03-2018,23-03-2018,23-03-2018,1,3
601,4,20-03-2018,23-03-2018,22-03-2018,1,3
395,4,20-03-2018,21-03-2018,22-03-2018,2,6
405,4,20-03-2018,22-03-2018,21-03-2018,2,6
754,4,20-03-2018,21-03-2018,23-03-2018,2,7
1411,4,20-03-2018,23-03-2018,23-03-2018,2,6
1029,4,20-03-2018,22-03-2018,21-03-2018,3,8
9,4,21-03-2018,22-03-2018,22-03-2018,2,7
1131,4,21-03-2018,23-03-2018,23-03-2018,2,7
139,4,22-03-2018,25-03-2018,23-03-2018,2,6
1101,4,22-03-2018,24-03-2018,24-03-2018,2,6
692,4,23-03-2018,24-03-2018,24-03-2018,2,7
1279,4,24-03-2018,25-03-2018,25-03-2018,2,7
623,4,25-03-2018,28-03-2018,28-03-2018,2,7
738,4,26-03-2018,29-03-2018,28-03-2018,1,3
152,4,26-03-2018,27-03-2018,29-03-2018,2,7
3,4,27-03-2018,30-03-2018,29-03-2018,1,2
1135,4,27-03-2018,28-03-2018,30-03-2018,3,8
505,4,28-03-2018,31-03-2018,31-03-2018,2,7
1310,4,28-03-2018,30-03-2018,29-03-2018,2,7
114,4,29-03-2018,30-03-2018,31-03-2018,2,6
302,4,30-03-2018,01-04-2018,02-04-2018,1,2
816,4,30-03-2018,01-04-2018,02-04-2018,1,3
112,4,30-03-2018,01-04-2018,31-03-2018,2,6
35,4,31-03-2018,01-04-2018,01-04-2018,2,7
180,4,31-03-2018,03-04-2018,01-04-2018,2,6
392,4,31-03-2018,02-04-2018,02-04-2018,2,6
23,2,01-04-2018,01-04-2018,,2,7
27,2,01-04-2018,01-04-2018,,2,7
62,1,01-04-2018,01-04-2018,,2,6
94,1,01-04-2018,01-04-2018,,2,7
15,1,02-04-2018,02-04-2018,,2,7
35,2,02-04-2018,02-04-2018,,2,6
51,2,02-04-2018,02-04-2018,,2,7
84,2,02-04-2018,02-04-2018,,2,7
33,1,03-04-2018,03-04-2018,,1,3
181,2,03-04-2018,03-04-2018,,1,3
194,1,03-04-2018,03-04-2018,,1,3
217,2,03-04-2018,03-04-2018,,1,3
82,1,04-04-2018,04-04-2018,,1,3
41,1,04-04-2018,04-04-2018,,2,7
64,2,04-04-2018,04-04-2018,,3,8
69,2,05-04-2018,05-04-2018,,1,3
86,2,05-04-2018,05-04-2018,,2,7
3,1,06-04-2018,06-04-2018,,1,3
31,2,06-04-2018,06-04-2018,,1,2
81,1,06-04-2018,06-04-2018,,1,2
120,2,06-04-2018,06-04-2018,,1,2
151,2,06-04-2018,06-04-2018,,1,3
52,1,06-04-2018,06-04-2018,,2,6
83,2,06-04-2018,06-04-2018,,2,6
208,2,07-04-2018,07-04-2018,,1,3
237,2,08-04-2018,08-04-2018,,1,2
22,1,08-04-2018,08-04-2018,,2,7
75,1,08-04-2018,08-04-2018,,2,7
85,2,08-04-2018,08-04-2018,,2,6
92,2,08-04-2018,08-04-2018,,2,6
2,1,09-04-2018,09-04-2018,,1,3
16,2,09-04-2018,09-04-2018,,2,6
25,1,09-04-2018,09-04-2018,,2,6
68,1,09-04-2018,09-04-2018,,3,9
32,2,10-04-2018,10-04-2018,,1,2
87,2,10-04-2018,10-04-2018,,1,3
61,1,10-04-2018,10-04-2018,,3,9
47,2,11-04-2018,11-04-2018,,1,3
97,1,11-04-2018,11-04-2018,,1,2
175,1,11-04-2018,11-04-2018,,1,2
26,2,11-04-2018,11-04-2018,,2,7
66,2,11-04-2018,11-04-2018,,3,8
53,1,12-04-2018,12-04-2018,,1,3
78,1,12-04-2018,12-04-2018,,1,3
8,1,12-04-2018,12-04-2018,,2,7
37,1,12-04-2018,12-04-2018,,2,6
38,2,12-04-2018,12-04-2018,,2,7
59,2,12-04-2018,12-04-2018,,2,7
13,2,12-04-2018,12-04-2018,,3,9
20,1,12-04-2018,12-04-2018,,3,8
50,1,12-04-2018,12-04-2018,,3,8
110,1,13-04-2018,13-04-2018,,1,2
233,1,13-04-2018,13-04-2018,,1,2
7,2,13-04-2018,13-04-2018,,2,7
28,2,13-04-2018,13-04-2018,,2,6
18,2,14-04-2018,14-04-2018,,2,7
19,2,14-04-2018,14-04-2018,,2,7
34,2,14-04-2018,14-04-2018,,2,7
36,1,15-04-2018,15-04-2018,,2,6
79,2,15-04-2018,15-04-2018,,2,6
116,1,15-04-2018,15-04-2018,,3,9
187,1,16-04-2018,16-04-2018,,1,2
10,2,16-04-2018,16-04-2018,,2,7
58,2,16-04-2018,16-04-2018,,2,6
76,1,16-04-2018,16-04-2018,,2,6
5,1,17-04-2018,17-04-2018,,1,2
67,1,17-04-2018,17-04-2018,,1,3
91,2,17-04-2018,17-04-2018,,1,3
169,1,17-04-2018,17-04-2018,,1,3
170,1,17-04-2018,17-04-2018,,1,2
17,1,17-04-2018,17-04-2018,,2,7
39,1,17-04-2018,17-04-2018,,2,6
70,1,17-04-2018,17-04-2018,,2,7
73,1,17-04-2018,17-04-2018,,2,7
30,2,18-04-2018,18-04-2018,,1,3
172,1,18-04-2018,18-04-2018,,1,3
1,1,18-04-2018,18-04-2018,,2,7
4,2,18-04-2018,18-04-2018,,2,6
121,2,19-04-2018,19-04-2018,,1,3
63,1,19-04-2018,19-04-2018,,2,6
42,2,20-04-2018,20-04-2018,,2,6
57,1,20-04-2018,20-04-2018,,2,7
65,2,20-04-2018,20-04-2018,,2,7
88,1,20-04-2018,20-04-2018,,2,7
77,2,20-04-2018,20-04-2018,,3,9
46,1,21-04-2018,21-04-2018,,1,3
60,2,21-04-2018,21-04-2018,,1,2
72,1,21-04-2018,21-04-2018,,1,3
89,2,21-04-2018,21-04-2018,,1,2
192,2,21-04-2018,21-04-2018,,1,3
29,2,22-04-2018,22-04-2018,,2,7
54,2,22-04-2018,22-04-2018,,2,7
80,1,22-04-2018,22-04-2018,,2,7
14,1,22-04-2018,22-04-2018,,3,9
24,2,23-04-2018,23-04-2018,,1,2
124,1,23-04-2018,23-04-2018,,1,2
224,2,23-04-2018,23-04-2018,,1,3
12,2,23-04-2018,23-04-2018,,2,7
48,1,23-04-2018,23-04-2018,,2,7
93,2,23-04-2018,23-04-2018,,2,7
104,2,24-04-2018,24-04-2018,,1,2
191,2,24-04-2018,24-04-2018,,1,2
188,2,25-04-2018,25-04-2018,,1,2
240,1,25-04-2018,25-04-2018,,1,3
44,1,25-04-2018,25-04-2018,,2,6
109,2,26-04-2018,26-04-2018,,1,3
157,1,26-04-2018,26-04-2018,,1,3
176,1,26-04-2018,26-04-2018,,1,2
231,2,26-04-2018,26-04-2018,,1,2
11,1,26-04-2018,26-04-2018,,2,6
40,2,27-04-2018,27-04-2018,,1,3
138,1,27-04-2018,27-04-2018,,1,3
165,2,27-04-2018,27-04-2018,,1,2
6,2,27-04-2018,27-04-2018,,2,7
9,1,27-04-2018,27-04-2018,,2,6
45,1,28-04-2018,28-04-2018,,2,7
71,2,28-04-2018,28-04-2018,,2,7
21,2,28-04-2018,28-04-2018,,3,8
56,1,28-04-2018,28-04-2018,,3,9
239,2,29-04-2018,29-04-2018,,1,3
49,1,29-04-2018,29-04-2018,,2,7
90,1,29-04-2018,29-04-2018,,2,6
43,1,29-04-2018,29-04-2018,,3,8
55,1,30-04-2018,30-04-2018,,2,6
74,2,30-04-2018,30-04-2018,,2,6
7,3,17-06-2018,17-06-2018,,2,7
123,3,01-07-2018,01-07-2018,,3,8
119,3,10-07-2018,10-07-2018,,3,8
33,3,11-07-2018,11-07-2018,,1,2
53,3,12-07-2018,12-07-2018,,1,2
10,3,23-08-2018,23-08-2018,,2,7
15,3,25-08-2018,25-08-2018,,2,7
6,3,06-09-2018,06-09-2018,,2,7
3,3,21-10-2018,21-10-2018,,1,3
1,3,18-11-2018,18-11-2018,,2,6
135,3,28-11-2018,28-11-2018,,3,8
136,3,28-12-2018,28-12-2018,,3,8
